timestamp,location_id,location_name,country,latitude,longitude,no2,o3,pm10,pm25,zone,hour,day,month,dayofweek,weekend,season,date,pm25_daily_avg,threshold_violation,extreme_hazard
2025-09-15 06:00:00+00:00,33,Zaanstad-Hemkade,Netherlands,52.420230000140556,4.832060000156797,19.6,-10.212591715282619,11.1,5.694295099659258,Industrial,6,15,9,0,0,Fall,2025-09-15,5.694295099659258,0,0
2025-10-28 18:00:00+00:00,390,RED DEER RIVERSIDE D,Canada,52.2989,-113.7942,-38.99566647725403,0.024,12.516405651987087,4.3,Mixed,18,28,10,1,0,Fall,2025-10-28,3.275,0,0
2025-07-30 03:00:00+00:00,26,Inpesca,Chile,-36.737202,-73.104427,-38.99566647725403,-10.212591715282619,45.0,37.0,Industrial,3,30,7,2,0,Summer,2025-07-30,22.041666666666668,0,0
2025-04-17 15:00:00+00:00,155,Kensington and Chelsea - North Ken,United Kingdom,51.5210467476039,-0.213492139585065,5.0,95.39446,12.516405651987087,4.0,Residential,15,17,4,3,0,Spring,2025-04-17,4.083333333333333,0,0
2025-03-20 04:00:00+00:00,68,Cerro Merquín,Chile,-37.021182877699,-73.149555550926,-38.99566647725403,-10.212591715282619,56.0,25.0,Residential,4,20,3,3,0,Spring,2025-03-20,23.0,0,0
2025-07-26 19:00:00+00:00,71,Biest Houtakker-Biestsestraat,Netherlands,51.51838800001479,5.148450000227909,5.35,92.79,26.19,14.384,Residential,19,26,7,5,1,Summer,2025-07-26,9.498840833333334,0,0
2025-12-02 17:00:00+00:00,321,Temple Georgia C1045,United States,31.122527,-97.431158,-38.99566647725403,0.027,12.516405651987087,7.0,Mixed,17,2,12,1,0,Winter,2025-12-02,2.9166666666666665,0,0
2025-09-18 09:00:00+00:00,341,St. Marks Wildlife R,United States,30.0842,-84.1617,-38.99566647725403,0.019,12.516405651987087,12.0,Residential,9,18,9,3,0,Fall,2025-09-18,11.799999999999999,0,0
2025-01-18 09:00:00+00:00,141,London Harlington - UKA00472,United Kingdom,51.48878999962389,-0.44161399993549455,16.87781,32.52991,12.516405651987087,5.694295099659258,Residential,9,18,1,5,1,Winter,2025-01-18,5.694295099659258,0,0
2025-09-04 03:00:00+00:00,212,ROLAND,United States,35.408138,-94.524414,0.0054,-10.212591715282619,12.516405651987087,4.0,Mixed,3,4,9,3,0,Fall,2025-09-04,4.541666666666667,0,0
2025-12-01 17:00:00+00:00,358,Albemarle HS,United States,38.07657,-78.50397,-38.99566647725403,0.033,12.516405651987087,4.4,Residential,17,1,12,0,0,Winter,2025-12-01,6.041666666666667,0,0
2025-02-22 20:00:00+00:00,270,Los Ángeles Oriente,Chile,-37.463035064801,-72.324575155457,-38.99566647725403,-10.212591715282619,58.0,15.0,Residential,20,22,2,5,1,Winter,2025-02-22,14.5,0,0
2025-04-29 14:00:00+00:00,77,Hoek v. Holland-Berghaven,Netherlands,51.97783000007194,4.121903000365913,7.6,-10.212591715282619,17.1,10.1,Industrial,14,29,4,1,0,Spring,2025-04-29,17.5,0,0
2025-10-31 06:00:00+00:00,326,Jackson NCORE,United States,32.329042,-90.182659,-38.99566647725403,0.001,21.0,13.3,Mixed,6,31,10,4,0,Fall,2025-10-31,10.743478260869566,0,0
2025-08-03 21:00:00+00:00,146,Southwark - A2 Old Kent Road,United Kingdom,51.4804994936467,-0.0595528932573422,19.0,-10.212591715282619,11.0,5.1,Mixed,21,3,8,6,1,Summer,2025-08-03,5.1,0,0
2025-11-04 09:00:00+00:00,102,Amsterdam-Einsteinweg,Netherlands,52.381331000231505,4.845232999687698,36.6,-10.212591715282619,16.3,9.3,Industrial,9,4,11,1,0,Fall,2025-11-04,8.234782608695653,0,0
2025-05-04 22:00:00+00:00,71,Biest Houtakker-Biestsestraat,Netherlands,51.51838800001479,5.148450000227909,6.43,42.77,8.27,3.79804,Residential,22,4,5,6,1,Spring,2025-05-04,4.154248695652174,0,0
2025-02-27 05:00:00+00:00,344,Sunrise Acres,United States,36.163962,-115.11393,0.0043,-10.212591715282619,19.0,2.6,Residential,5,27,2,3,0,Winter,2025-02-27,2.0458333333333334,0,0
2025-10-21 07:00:00+00:00,360,Patricia McInnes,Canada,56.7522,-111.4761,-38.99566647725403,0.015,12.516405651987087,4.6,Industrial,7,21,10,1,0,Fall,2025-10-21,4.05,0,0
2025-07-29 22:00:00+00:00,216,South Bend-Shields D,United States,41.696667,-86.214722,0.0035,0.063,12.516405651987087,6.9,Residential,22,29,7,1,0,Summer,2025-07-29,6.679166666666667,0,0
2025-11-30 09:00:00+00:00,331,Lindon,United States,40.3414,-111.71360000000001,0.0089,0.019,4.0,1.9,Mixed,9,30,11,6,1,Fall,2025-11-30,4.3,0,0
2025-03-18 09:00:00+00:00,101,Amsterdam-Hoogtij,Netherlands,52.42801700027339,4.7734780002434976,28.0,-10.212591715282619,14.5,4.7,Industrial,9,18,3,1,0,Spring,2025-03-18,3.9826086956521736,0,0
2025-02-15 13:00:00+00:00,148,Camden - Bloomsbury,United Kingdom,51.52228699999999,-0.125848,24.8625,40.51271,12.516405651987087,5.694295099659258,Residential,13,15,2,5,1,Winter,2025-02-15,5.694295099659258,0,0
2025-04-01 17:00:00+00:00,68,Cerro Merquín,Chile,-37.021182877699,-73.149555550926,-38.99566647725403,-10.212591715282619,31.0,18.0,Residential,17,1,4,1,0,Spring,2025-04-01,17.791666666666668,0,0
2025-07-22 22:00:00+00:00,149,Ealing Horn Lane,United Kingdom,51.51895,-0.265617,11.2,-10.212591715282619,14.0,5.694295099659258,Residential,22,22,7,1,0,Summer,2025-07-22,5.694295099659258,0,0
2025-10-24 07:00:00+00:00,230,Barstow,United States,34.894054,-117.024756,-38.99566647725403,0.024,20.0,5.694295099659258,Residential,7,24,10,4,0,Fall,2025-10-24,5.694295099659258,0,0
2025-05-17 11:00:00+00:00,326,Jackson NCORE,United States,32.329042,-90.182659,-38.99566647725403,0.015,22.0,10.6,Mixed,11,17,5,5,1,Spring,2025-05-17,8.4625,0,0
2025-03-24 21:00:00+00:00,41,Groningen-Europaweg,Netherlands,53.2178,6.5789,8.71,-10.212591715282619,58.19,17.7258,Industrial,21,24,3,0,0,Spring,2025-03-24,27.794483333333332,0,0
2025-11-06 01:00:00+00:00,65,Punteras,Chile,-36.923329602986,-73.036132300941,-38.99566647725403,-10.212591715282619,32.0,18.0,Residential,1,6,11,3,0,Fall,2025-11-06,18.541666666666668,0,0
2025-11-11 02:00:00+00:00,31,Wekerom-Riemterdijk,Netherlands,52.111599999999996,5.70842,5.36,39.81,19.79,3.13262,Residential,2,11,11,1,0,Fall,2025-11-11,-36.304225833333334,0,0
2025-05-06 22:00:00+00:00,321,Temple Georgia C1045,United States,31.122527,-97.431158,-38.99566647725403,0.039,12.516405651987087,-1.0,Mixed,22,6,5,1,0,Spring,2025-05-06,5.458333333333333,0,0
2025-08-24 19:00:00+00:00,344,Sunrise Acres,United States,36.163962,-115.11393,0.0013,-10.212591715282619,20.0,5.0,Residential,19,24,8,6,1,Summer,2025-08-24,5.545833333333333,0,0
2025-08-15 16:00:00+00:00,41,Groningen-Europaweg,Netherlands,53.2178,6.5789,9.37,-10.212591715282619,26.19,8.788,Industrial,16,15,8,4,0,Summer,2025-08-15,9.247604166666667,0,0
2025-02-13 12:00:00+00:00,227,Kokomo - E. Vaile Av,United States,40.481347,-86.109688,-38.99566647725403,0.025,12.516405651987087,14.5,Residential,12,13,2,3,0,Winter,2025-02-13,10.191666666666666,0,0
2025-08-16 13:00:00+00:00,314,Indpls - I-70 E,United States,39.787933,-86.13088,0.0050999999999999995,0.034,12.516405651987087,9.6,Industrial,13,16,8,5,1,Summer,2025-08-16,15.145833333333334,0,0
2025-03-14 03:00:00+00:00,71,Biest Houtakker-Biestsestraat,Netherlands,51.51838800001479,5.148450000227909,17.09,24.17,18.51,17.667,Residential,3,14,3,4,0,Spring,2025-03-14,7.613425,0,0
2025-10-20 07:00:00+00:00,274,Reading Airport,United States,40.3833,-75.9686,-38.99566647725403,0.035,12.516405651987087,2.2,Mixed,7,20,10,0,0,Fall,2025-10-20,2.6666666666666665,0,0
2025-06-17 01:00:00+00:00,71,Biest Houtakker-Biestsestraat,Netherlands,51.51838800001479,5.148450000227909,29.46,3.29,18.51,6.93698,Residential,1,17,6,1,0,Summer,2025-06-17,-33.4295,0,0
2025-11-23 06:00:00+00:00,358,Albemarle HS,United States,38.07657,-78.50397,-38.99566647725403,0.0,12.516405651987087,15.5,Residential,6,23,11,6,1,Fall,2025-11-23,7.608333333333333,0,0
2025-10-22 11:00:00+00:00,93,Nijmegen-Graafseweg,Netherlands,51.8414,5.85778,17.56,-10.212591715282619,8.27,5.616,Residential,11,22,10,2,0,Fall,2025-10-22,3.7731583333333334,0,0
2025-10-31 13:00:00+00:00,153,London Hillingdon,United Kingdom,51.49633,-0.460861,32.32125,26.94195,12.516405651987087,5.694295099659258,Residential,13,31,10,4,0,Fall,2025-10-31,5.694295099659258,0,0
2025-01-21 15:00:00+00:00,274,Reading Airport,United States,40.3833,-75.9686,-38.99566647725403,0.03,12.516405651987087,7.1,Mixed,15,21,1,1,0,Winter,2025-01-21,8.512500000000001,0,0
2025-01-25 03:00:00+00:00,159,London Westminster,United Kingdom,51.49467,-0.131931,10.51875,-10.212591715282619,12.516405651987087,2.0,Mixed,3,25,1,5,1,Winter,2025-01-25,4.956521739130435,0,0
2025-06-13 00:00:00+00:00,148,Camden - Bloomsbury,United Kingdom,51.52228699999999,-0.125848,19.0,87.0,12.516405651987087,5.694295099659258,Residential,0,13,6,4,0,Summer,2025-06-13,5.694295099659258,0,0
2025-02-08 14:00:00+00:00,26,Inpesca,Chile,-36.737202,-73.104427,-38.99566647725403,-10.212591715282619,39.0,18.0,Industrial,14,8,2,5,1,Winter,2025-02-08,20.666666666666668,0,0
2025-10-09 04:00:00+00:00,153,London Hillingdon,United Kingdom,51.49633,-0.460861,25.0,18.0,12.516405651987087,5.694295099659258,Residential,4,9,10,3,0,Fall,2025-10-09,5.694295099659258,0,0
2025-07-14 03:00:00+00:00,150,London Haringey Priory Park South - UKA00568,United Kingdom,51.58412799971813,-0.1252540000016108,9.0,61.0,12.516405651987087,5.694295099659258,Residential,3,14,7,0,0,Summer,2025-07-14,5.694295099659258,0,0
2025-06-01 03:00:00+00:00,82,Haarlem-Schipholweg,Netherlands,52.3705,4.64232,9.0,35.4,-998.0,5.694295099659258,Industrial,3,1,6,6,1,Summer,2025-06-01,5.694295099659258,0,0
2025-03-13 00:00:00+00:00,25,Parque O'Higgins,Chile,-33.464142,-70.660797,-38.99566647725403,-10.212591715282619,81.0,26.0,Residential,0,13,3,3,0,Spring,2025-03-13,24.958333333333332,0,0
2025-01-30 14:00:00+00:00,240,Waterbury,United States,41.5503,-73.0442,-38.99566647725403,-10.212591715282619,16.0,2.9,Residential,14,30,1,3,0,Winter,2025-01-30,2.795833333333333,0,0
2025-11-08 20:00:00+00:00,98,Amsterdam-Westerpark,Netherlands,52.39397200025616,4.870156999790721,-38.99566647725403,-10.212591715282619,15.2,11.8,Residential,20,8,11,5,1,Fall,2025-11-08,14.713043478260868,0,0
2025-01-23 10:00:00+00:00,222,Terre Haute-Lafayett,United States,39.485987,-87.401312,-38.99566647725403,0.025,12.516405651987087,9.8,Residential,10,23,1,3,0,Winter,2025-01-23,7.75,0,0
2025-03-08 00:00:00+00:00,233,Spokane Valley-E Bro,United States,47.663962,-117.25765,-38.99566647725403,-10.212591715282619,6.0,2.0,Residential,0,8,3,5,1,Spring,2025-03-08,4.541666666666667,0,0
2025-06-05 20:00:00+00:00,26,Inpesca,Chile,-36.737202,-73.104427,-38.99566647725403,-10.212591715282619,107.0,89.0,Industrial,20,5,6,3,0,Summer,2025-06-05,88.41666666666667,1,0
2025-08-12 04:00:00+00:00,288,Hawthorne,United States,40.733501,-111.87169600000001,0.0036,0.037,10.0,5.8,Mixed,4,12,8,1,0,Summer,2025-08-12,8.575000000000001,0,0
2025-07-03 08:00:00+00:00,305,Smithfield,United States,41.842778,-111.85193999999998,0.003,0.037,12.516405651987087,9.9,Mixed,8,3,7,3,0,Summer,2025-07-03,10.970833333333333,0,0
2025-08-26 14:00:00+00:00,390,RED DEER RIVERSIDE D,Canada,52.2989,-113.7942,-38.99566647725403,0.003,12.516405651987087,15.1,Mixed,14,26,8,1,0,Summer,2025-08-26,14.404166666666667,0,0
2025-06-21 03:00:00+00:00,25,Parque O'Higgins,Chile,-33.464142,-70.660797,-38.99566647725403,-10.212591715282619,110.0,48.0,Residential,3,21,6,5,1,Summer,2025-06-21,48.291666666666664,1,0
2025-11-23 08:00:00+00:00,73,Coyhaique II,Chile,-45.579045667164,-72.049964505825,-38.99566647725403,-10.212591715282619,22.0,14.0,Residential,8,23,11,6,1,Fall,2025-11-23,14.208333333333334,0,0
2025-10-05 11:00:00+00:00,342,Lancaster,United States,40.0467,-76.2833,-38.99566647725403,0.0,12.516405651987087,17.6,Mixed,11,5,10,6,1,Fall,2025-10-05,13.325000000000001,0,0
2025-06-16 05:00:00+00:00,233,Spokane Valley-E Bro,United States,47.663962,-117.25765,-38.99566647725403,-10.212591715282619,17.0,2.0,Residential,5,16,6,0,0,Summer,2025-06-16,4.333333333333333,0,0
2025-11-23 22:00:00+00:00,25,Parque O'Higgins,Chile,-33.464142,-70.660797,-38.99566647725403,-10.212591715282619,61.0,27.0,Residential,22,23,11,6,1,Fall,2025-11-23,27.0,0,0
2025-03-05 07:00:00+00:00,390,RED DEER RIVERSIDE D,Canada,52.2989,-113.7942,-38.99566647725403,0.002,12.516405651987087,12.2,Mixed,7,5,3,2,0,Spring,2025-03-05,9.066666666666666,0,0
2025-12-09 01:00:00+00:00,159,London Westminster,United Kingdom,51.49467,-0.131931,8.0,-10.212591715282619,12.516405651987087,4.8,Mixed,1,9,12,1,0,Winter,2025-12-09,6.5375000000000005,0,0
2025-10-27 13:00:00+00:00,216,South Bend-Shields D,United States,41.696667,-86.214722,0.002,0.021,12.516405651987087,4.0,Residential,13,27,10,0,0,Fall,2025-10-27,4.004166666666666,0,0
2025-02-02 06:00:00+00:00,191,Seabrook Friendship,United States,29.5831,-95.0156,-38.99566647725403,0.006,12.516405651987087,13.9,Residential,6,2,2,6,1,Winter,2025-02-02,11.091666666666667,0,0
2025-12-20 07:00:00+00:00,240,Waterbury,United States,41.5503,-73.0442,-38.99566647725403,-10.212591715282619,6.0,2.4,Residential,7,20,12,5,1,Winter,2025-12-20,2.733333333333333,0,0
2025-12-20 12:00:00+00:00,360,Patricia McInnes,Canada,56.7522,-111.4761,-38.99566647725403,0.019,12.516405651987087,9.8,Industrial,12,20,12,5,1,Winter,2025-12-20,5.483333333333333,0,0
2025-04-11 07:00:00+00:00,41,Groningen-Europaweg,Netherlands,53.2178,6.5789,14.93,-10.212591715282619,19.79,7.406,Industrial,7,11,4,4,0,Spring,2025-04-11,-34.5231,0,0
2025-12-12 08:00:00+00:00,287,St. Lina,Canada,54.216473,-111.50264,0.001,0.028,12.516405651987087,5.6,Residential,8,12,12,4,0,Winter,2025-12-12,4.983333333333333,0,0
2025-08-18 07:00:00+00:00,25,Parque O'Higgins,Chile,-33.464142,-70.660797,-38.99566647725403,-10.212591715282619,54.0,30.0,Residential,7,18,8,0,0,Summer,2025-08-18,31.625,0,0
2025-07-05 09:00:00+00:00,63,Philippine-Stelleweg,Netherlands,51.29449999999999,3.7494799999999997,2.36,70.52,13.39,5.694295099659258,Residential,9,5,7,5,1,Summer,2025-07-05,5.694295099659258,0,0
2025-08-05 03:00:00+00:00,101,Amsterdam-Hoogtij,Netherlands,52.42801700027339,4.7734780002434976,12.6,-10.212591715282619,14.6,4.8,Industrial,3,5,8,1,0,Summer,2025-08-05,3.7045454545454546,0,0
2025-03-25 22:00:00+00:00,51,Wieringerwerf-Medemblikkerweg,Netherlands,52.803700000000006,5.05051,3.46,58.16,-999.0,2.50934,Residential,22,25,3,1,0,Spring,2025-03-25,-212.76013818181818,0,0
2025-09-18 05:00:00+00:00,73,Coyhaique II,Chile,-45.579045667164,-72.049964505825,-38.99566647725403,-10.212591715282619,58.0,53.0,Residential,5,18,9,3,0,Fall,2025-09-18,46.666666666666664,1,0
2025-10-08 07:00:00+00:00,381,Rockland Cty,United States,41.182079,-74.028191,-38.99566647725403,0.029,12.516405651987087,-0.8,Mixed,7,8,10,2,0,Fall,2025-10-08,0.9541666666666666,0,0
2025-04-09 03:00:00+00:00,55,Utrecht-Kardinaal de Jongweg,Netherlands,52.105,5.12446,7.8,-995.0,18.51,8.9548,Residential,3,9,4,2,0,Spring,2025-04-09,-286.57068583333336,0,0
2025-07-09 10:00:00+00:00,186,Houston Aldine C8,United States,29.9011,-95.3261,-38.99566647725403,0.0,12.516405651987087,5.0,Industrial,10,9,7,2,0,Summer,2025-07-09,6.958333333333333,0,0
2025-03-08 16:00:00+00:00,240,Waterbury,United States,41.5503,-73.0442,-38.99566647725403,-10.212591715282619,5.0,1.6,Residential,16,8,3,5,1,Spring,2025-03-08,2.75,0,0
2025-07-19 08:00:00+00:00,270,Los Ángeles Oriente,Chile,-37.463035064801,-72.324575155457,-38.99566647725403,-10.212591715282619,68.0,22.0,Residential,8,19,7,5,1,Summer,2025-07-19,22.0,0,0
2025-08-27 23:00:00+00:00,345,Cataño 40,Puerto Rico,18.428388,-66.141657,-38.99566647725403,-10.212591715282619,280.0,20.0,Industrial,23,27,8,2,0,Summer,2025-08-27,19.458333333333332,0,0
2025-09-16 23:00:00+00:00,282,Pinedale Gaseous,United States,42.8698,-109.8708,0.001,0.053,12.516405651987087,0.5,Industrial,23,16,9,1,0,Fall,2025-09-16,1.6041666666666667,0,0
2025-06-26 22:00:00+00:00,293,Garden,United States,61.205861,-149.8246,-38.99566647725403,-10.212591715282619,18.0,-1.0,Residential,22,26,6,3,0,Summer,2025-06-26,-0.5833333333333334,0,0
2025-04-19 00:00:00+00:00,326,Jackson NCORE,United States,32.329042,-90.182659,-38.99566647725403,0.058,19.0,8.2,Mixed,0,19,4,5,1,Spring,2025-04-19,8.758333333333333,0,0
2025-02-20 22:00:00+00:00,223,Gary-IITRI,United States,41.606563,-87.305015,0.0209,0.015,54.0,21.1,Industrial,22,20,2,3,0,Winter,2025-02-20,14.341666666666667,0,0
2025-07-01 22:00:00+00:00,221,Indpls-Washington Pa,United States,39.810833,-86.114444,0.0008,0.058,31.0,7.4,Residential,22,1,7,1,0,Summer,2025-07-01,5.954166666666667,0,0
2025-10-27 06:00:00+00:00,63,Philippine-Stelleweg,Netherlands,51.29449999999999,3.7494799999999997,2.42,68.25,17.23,5.694295099659258,Residential,6,27,10,0,0,Fall,2025-10-27,5.694295099659258,0,0
2025-06-16 11:00:00+00:00,362,Chicopee,United States,42.194401,-72.555603,0.002,0.014,12.516405651987087,7.5,Mixed,11,16,6,0,0,Summer,2025-06-16,8.279166666666667,0,0
2025-07-09 20:00:00+00:00,239,Alamo Lake,United States,34.243889,-113.558611,-38.99566647725403,0.046,25.0,4.2,Residential,20,9,7,2,0,Summer,2025-07-09,5.0625,0,0
2025-11-04 05:00:00+00:00,80,Amsterdam-Van Diemenstraat,Netherlands,52.389983000188224,4.88781099987638,9.9,40.2,9.4,4.3,Industrial,5,4,11,1,0,Fall,2025-11-04,4.352173913043478,0,0
2025-10-09 21:00:00+00:00,222,Terre Haute-Lafayett,United States,39.485987,-87.401312,-38.99566647725403,0.046,12.516405651987087,12.1,Residential,21,9,10,3,0,Fall,2025-10-09,3.6374999999999997,0,0
2025-01-07 16:00:00+00:00,41,Groningen-Europaweg,Netherlands,53.2178,6.5789,-995.0,-10.212591715282619,6.99,7.06046,Industrial,16,7,1,1,0,Winter,2025-01-07,3.1619383333333335,0,0
2025-07-04 04:00:00+00:00,221,Indpls-Washington Pa,United States,39.810833,-86.114444,0.013300000000000001,0.015,50.0,19.5,Residential,4,4,7,4,0,Summer,2025-07-04,18.270833333333332,0,0
2025-07-30 22:00:00+00:00,186,Houston Aldine C8,United States,29.9011,-95.3261,-38.99566647725403,0.075,12.516405651987087,15.0,Industrial,22,30,7,2,0,Summer,2025-07-30,15.583333333333334,0,0
2025-05-03 04:00:00+00:00,314,Indpls - I-70 E,United States,39.787933,-86.13088,0.0176,0.032,12.516405651987087,3.5,Industrial,4,3,5,5,1,Spring,2025-05-03,6.954166666666667,0,0
2025-08-06 11:00:00+00:00,54,Talagante,Chile,-33.673752071375,-70.953064737434,-38.99566647725403,-10.212591715282619,78.0,44.0,Residential,11,6,8,2,0,Summer,2025-08-06,45.75,1,0
2025-10-10 17:00:00+00:00,223,Gary-IITRI,United States,41.606563,-87.305015,0.0011,0.04,25.0,6.8,Industrial,17,10,10,4,0,Fall,2025-10-10,7.691666666666666,0,0
2025-03-24 05:00:00+00:00,352,Minneapolis - Pacifi,United States,45.008297,-93.277041,-38.99566647725403,-10.212591715282619,14.0,7.6,Residential,5,24,3,0,0,Spring,2025-03-24,6.841666666666666,0,0
2025-02-06 12:00:00+00:00,157,Bexley - Slade Green,United Kingdom,51.4659832746662,0.184877126994369,11.7,57.2,14.5,7.1,Residential,12,6,2,3,0,Winter,2025-02-06,10.054166666666665,0,0
2025-01-13 04:00:00+00:00,359,Estaci�n Bomberos,Mexico,20.67495,-101.35595,-38.99566647725403,0.006,41.0,8.9,Mixed,4,13,1,0,0,Winter,2025-01-13,9.716666666666667,0,0
2025-02-23 20:00:00+00:00,63,Philippine-Stelleweg,Netherlands,51.29449999999999,3.7494799999999997,-995.0,67.79,17.23,5.694295099659258,Residential,20,23,2,6,1,Winter,2025-02-23,5.694295099659258,0,0
2025-01-29 03:00:00+00:00,382,Elk Island,Canada,53.6825,-112.8686,-38.99566647725403,0.038,12.516405651987087,3.0,Residential,3,29,1,2,0,Winter,2025-01-29,4.379166666666666,0,0
2025-11-30 11:00:00+00:00,63,Philippine-Stelleweg,Netherlands,51.29449999999999,3.7494799999999997,2.23,72.35,21.07,5.694295099659258,Residential,11,30,11,6,1,Fall,2025-11-30,5.694295099659258,0,0
2025-04-08 06:00:00+00:00,230,Barstow,United States,34.894054,-117.024756,-38.99566647725403,0.053,24.0,5.694295099659258,Residential,6,8,4,1,0,Spring,2025-04-08,5.694295099659258,0,0
2025-08-16 14:00:00+00:00,154,London Marylebone Road,United Kingdom,51.52253,-0.154611,1.0,59.0,12.516405651987087,7.0,Mixed,14,16,8,5,1,Summer,2025-08-16,6.625,0,0
2025-04-26 09:00:00+00:00,222,Terre Haute-Lafayett,United States,39.485987,-87.401312,-38.99566647725403,0.032,12.516405651987087,2.8,Residential,9,26,4,5,1,Spring,2025-04-26,4.891666666666667,0,0
2025-02-02 19:00:00+00:00,289,LOCKELAND,United States,36.1767,-86.7386,-38.99566647725403,-10.212591715282619,8.0,4.3,Residential,19,2,2,6,1,Winter,2025-02-02,6.620833333333334,0,0
2025-08-08 02:00:00+00:00,82,Haarlem-Schipholweg,Netherlands,52.3705,4.64232,7.58,75.85,37.71,5.694295099659258,Industrial,2,8,8,4,0,Summer,2025-08-08,5.694295099659258,0,0
2025-09-16 01:00:00+00:00,216,South Bend-Shields D,United States,41.696667,-86.214722,0.0101,0.032,12.516405651987087,8.0,Residential,1,16,9,1,0,Fall,2025-09-16,9.020833333333334,0,0
2025-09-30 14:00:00+00:00,33,Zaanstad-Hemkade,Netherlands,52.420230000140556,4.832060000156797,9.3,-10.212591715282619,12.3,5.694295099659258,Industrial,14,30,9,1,0,Fall,2025-09-30,5.694295099659258,0,0
2025-06-10 16:00:00+00:00,31,Wekerom-Riemterdijk,Netherlands,52.111599999999996,5.70842,4.72,68.17,5.71,2.197,Residential,16,10,6,1,0,Summer,2025-06-10,10.572874166666667,0,0
2025-08-22 21:00:00+00:00,149,Ealing Horn Lane,United Kingdom,51.51895,-0.265617,15.2,-10.212591715282619,68.0,5.694295099659258,Residential,21,22,8,4,0,Summer,2025-08-22,5.694295099659258,0,0
2025-10-27 12:00:00+00:00,255,Mark Twain SP,United States,39.4751,-91.78899,0.0011,0.024,7.0,5.694295099659258,Residential,12,27,10,0,0,Fall,2025-10-27,5.694295099659258,0,0
2025-12-11 17:00:00+00:00,141,London Harlington - UKA00472,United Kingdom,51.48878999962389,-0.44161399993549455,37.0,34.0,12.516405651987087,5.694295099659258,Residential,17,11,12,3,0,Winter,2025-12-11,5.694295099659258,0,0
2025-07-19 05:00:00+00:00,69,Kingston College,Chile,-36.784653741124,-73.052063025795,-38.99566647725403,-10.212591715282619,45.0,39.0,Residential,5,19,7,5,1,Summer,2025-07-19,39.291666666666664,1,0
2025-04-20 18:00:00+00:00,51,Wieringerwerf-Medemblikkerweg,Netherlands,52.803700000000006,5.05051,2.42,81.43,0.59,1.378,Residential,18,20,4,6,1,Spring,2025-04-20,-37.911525,0,0
2025-03-14 22:00:00+00:00,33,Zaanstad-Hemkade,Netherlands,52.420230000140556,4.832060000156797,9.8,-10.212591715282619,10.3,5.694295099659258,Industrial,22,14,3,4,0,Spring,2025-03-14,5.694295099659258,0,0
2025-08-22 04:00:00+00:00,274,Reading Airport,United States,40.3833,-75.9686,-38.99566647725403,0.018,12.516405651987087,4.1,Mixed,4,22,8,4,0,Summer,2025-08-22,4.4125000000000005,0,0
2025-03-26 05:00:00+00:00,376,Estaci�n Nativitas,Mexico,20.565228,-101.18824,-38.99566647725403,0.018,32.0,5.694295099659258,Mixed,5,26,3,2,0,Spring,2025-03-26,5.694295099659258,0,0
2025-07-22 14:00:00+00:00,288,Hawthorne,United States,40.733501,-111.87169600000001,0.0115,0.04,20.0,6.9,Mixed,14,22,7,1,0,Summer,2025-07-22,5.616666666666667,0,0
2025-04-21 17:00:00+00:00,326,Jackson NCORE,United States,32.329042,-90.182659,-38.99566647725403,0.038,30.0,14.2,Mixed,17,21,4,0,0,Spring,2025-04-21,11.737499999999999,0,0
2025-05-08 10:00:00+00:00,282,Pinedale Gaseous,United States,42.8698,-109.8708,0.002,0.01,12.516405651987087,5.4,Industrial,10,8,5,3,0,Spring,2025-05-08,1.6875,0,0
2025-04-13 12:00:00+00:00,173,Houston Westhollow C,United States,29.7233,-95.6358,-38.99566647725403,0.023,12.516405651987087,4.4,Residential,12,13,4,6,1,Spring,2025-04-13,7.058333333333334,0,0
2025-09-12 22:00:00+00:00,51,Wieringerwerf-Medemblikkerweg,Netherlands,52.803700000000006,5.05051,13.19,42.08,6.99,8.50204,Residential,22,12,9,4,0,Fall,2025-09-12,4.902459166666667,0,0
2025-07-11 01:00:00+00:00,187,Houston Bayland Park,United States,29.6958,-95.4992,-38.99566647725403,0.018,12.516405651987087,16.9,Residential,1,11,7,4,0,Summer,2025-07-11,9.1875,0,0
2025-06-26 00:00:00+00:00,44,Heerlen-Jamboreepad,Netherlands,50.90031700019946,5.986852999872599,14.58,58.12,18.51,3.563,Residential,0,26,6,3,0,Summer,2025-06-26,1.9810383333333332,0,0
2025-12-26 21:00:00+00:00,223,Gary-IITRI,United States,41.606563,-87.305015,0.006,0.007,25.0,12.8,Industrial,21,26,12,4,0,Winter,2025-12-26,10.200000000000001,0,0
2025-01-16 18:00:00+00:00,186,Houston Aldine C8,United States,29.9011,-95.3261,-38.99566647725403,0.033,12.516405651987087,8.0,Industrial,18,16,1,3,0,Winter,2025-01-16,15.875,0,0
2025-08-18 17:00:00+00:00,344,Sunrise Acres,United States,36.163962,-115.11393,0.0072,-10.212591715282619,41.0,4.4,Residential,17,18,8,0,0,Summer,2025-08-18,4.1375,0,0
2025-08-31 11:00:00+00:00,352,Minneapolis - Pacifi,United States,45.008297,-93.277041,-38.99566647725403,-10.212591715282619,17.0,10.2,Residential,11,31,8,6,1,Summer,2025-08-31,8.517391304347827,0,0
2025-07-10 20:00:00+00:00,80,Amsterdam-Van Diemenstraat,Netherlands,52.389983000188224,4.88781099987638,6.7,65.4,8.1,3.4,Industrial,20,10,7,3,0,Summer,2025-07-10,6.158333333333334,0,0
2025-12-05 13:00:00+00:00,233,Spokane Valley-E Bro,United States,47.663962,-117.25765,-38.99566647725403,-10.212591715282619,8.0,5.0,Residential,13,5,12,4,0,Winter,2025-12-05,6.833333333333333,0,0
2025-10-26 05:00:00+00:00,287,St. Lina,Canada,54.216473,-111.50264,0.002,0.035,12.516405651987087,0.0,Residential,5,26,10,6,1,Fall,2025-10-26,1.1333333333333333,0,0
2025-11-22 15:00:00+00:00,76,De Zilk-Vogelaarsdreef,Netherlands,52.296600000000005,4.51082,22.51,36.5,17.23,10.3464,Residential,15,22,11,5,1,Fall,2025-11-22,12.612241666666668,0,0
2025-02-19 23:00:00+00:00,33,Zaanstad-Hemkade,Netherlands,52.420230000140556,4.832060000156797,32.0,-10.212591715282619,30.2,5.694295099659258,Industrial,23,19,2,2,0,Winter,2025-02-19,5.694295099659258,0,0
2025-07-07 10:00:00+00:00,101,Amsterdam-Hoogtij,Netherlands,52.42801700027339,4.7734780002434976,5.3,-10.212591715282619,6.8,1.9,Industrial,10,7,7,0,0,Summer,2025-07-07,2.3521739130434782,0,0
2025-03-04 12:00:00+00:00,27,Concón,Chile,-32.924568,-71.515399,-38.99566647725403,-10.212591715282619,41.0,23.0,Industrial,12,4,3,1,0,Spring,2025-03-04,23.75,0,0
2025-04-26 05:00:00+00:00,55,Utrecht-Kardinaal de Jongweg,Netherlands,52.105,5.12446,-998.0,-995.0,22.35,13.6,Residential,5,26,4,5,1,Spring,2025-04-26,8.879958333333333,0,0
2025-09-09 18:00:00+00:00,356,Bocatoma,Chile,-36.803034,-73.120527,-38.99566647725403,-10.212591715282619,18.0,16.0,Residential,18,9,9,1,0,Fall,2025-09-09,16.541666666666668,0,0
2025-06-02 09:00:00+00:00,63,Philippine-Stelleweg,Netherlands,51.29449999999999,3.7494799999999997,10.08,52.87,74.83,5.694295099659258,Residential,9,2,6,0,0,Summer,2025-06-02,5.694295099659258,0,0
2025-02-14 21:00:00+00:00,242,Potawatomi,United States,45.5639,-88.81,-38.99566647725403,0.043,12.516405651987087,13.0,Residential,21,14,2,4,0,Winter,2025-02-14,9.329166666666667,0,0
2025-09-08 19:00:00+00:00,72,Curicó,Chile,-34.974925077541,-71.233967512329,-38.99566647725403,-10.212591715282619,42.0,33.0,Residential,19,8,9,0,0,Fall,2025-09-08,32.125,0,0
2025-06-22 16:00:00+00:00,222,Terre Haute-Lafayett,United States,39.485987,-87.401312,-38.99566647725403,0.028,12.516405651987087,15.7,Residential,16,22,6,6,1,Summer,2025-06-22,15.1875,0,0
2025-02-27 08:00:00+00:00,45,Puente Alto,Chile,-33.591390623022,-70.594788,-38.99566647725403,-10.212591715282619,82.0,26.0,Mixed,8,27,2,3,0,Winter,2025-02-27,25.875,0,0
2025-02-21 13:00:00+00:00,98,Amsterdam-Westerpark,Netherlands,52.39397200025616,4.870156999790721,-38.99566647725403,-10.212591715282619,21.8,12.0,Residential,13,21,2,4,0,Winter,2025-02-21,13.393333333333334,0,0
2025-09-12 21:00:00+00:00,97,IJmuiden-Kanaaldijk,Netherlands,52.463040000051045,4.60177600031704,7.2,-10.212591715282619,1.0,2.8,Industrial,21,12,9,4,0,Fall,2025-09-12,1.7956521739130433,0,0
2025-11-15 22:00:00+00:00,260,St. Joseph,United States,39.741667,-94.858333,-38.99566647725403,-10.212591715282619,36.0,3.6,Mixed,22,15,11,5,1,Fall,2025-11-15,7.2299999999999995,0,0
2025-10-16 16:00:00+00:00,210,Liceo Polivalente,Chile,-36.601713211434,-72.958522830688,-38.99566647725403,-10.212591715282619,31.0,15.0,Residential,16,16,10,3,0,Fall,2025-10-16,14.666666666666666,0,0
2025-07-23 14:00:00+00:00,31,Wekerom-Riemterdijk,Netherlands,52.111599999999996,5.70842,5.96,59.4,9.55,2.605,Residential,14,23,7,2,0,Summer,2025-07-23,-39.162216666666666,0,0
2025-01-10 17:00:00+00:00,93,Nijmegen-Graafseweg,Netherlands,51.8414,5.85778,-995.0,-10.212591715282619,-0.69,9.3958,Residential,17,10,1,4,0,Winter,2025-01-10,7.698480833333334,0,0
2025-08-13 03:00:00+00:00,240,Waterbury,United States,41.5503,-73.0442,-38.99566647725403,-10.212591715282619,14.0,8.2,Residential,3,13,8,2,0,Summer,2025-08-13,8.079166666666667,0,0
2025-02-15 01:00:00+00:00,314,Indpls - I-70 E,United States,39.787933,-86.13088,0.0064,0.027,12.516405651987087,9.6,Industrial,1,15,2,5,1,Winter,2025-02-15,7.829166666666667,0,0
2025-02-03 00:00:00+00:00,255,Mark Twain SP,United States,39.4751,-91.78899,0.0017,0.029,11.0,5.694295099659258,Residential,0,3,2,0,0,Winter,2025-02-03,5.694295099659258,0,0
2025-04-17 08:00:00+00:00,282,Pinedale Gaseous,United States,42.8698,-109.8708,0.001,0.052,12.516405651987087,2.3,Industrial,8,17,4,3,0,Spring,2025-04-17,3.0625,0,0
2025-12-11 23:00:00+00:00,25,Parque O'Higgins,Chile,-33.464142,-70.660797,-38.99566647725403,-10.212591715282619,42.0,21.0,Residential,23,11,12,3,0,Winter,2025-12-11,21.708333333333332,0,0
2025-06-04 08:00:00+00:00,187,Houston Bayland Park,United States,29.6958,-95.4992,-38.99566647725403,0.039,12.516405651987087,5.8,Residential,8,4,6,2,0,Summer,2025-06-04,8.029166666666667,0,0
2025-10-27 06:00:00+00:00,148,Camden - Bloomsbury,United Kingdom,51.52228699999999,-0.125848,13.3875,45.10282,12.516405651987087,5.694295099659258,Residential,6,27,10,0,0,Fall,2025-10-27,5.694295099659258,0,0
2025-08-16 21:00:00+00:00,293,Garden,United States,61.205861,-149.8246,-38.99566647725403,-10.212591715282619,6.0,-2.0,Residential,21,16,8,5,1,Summer,2025-08-16,0.5416666666666666,0,0
2025-09-17 22:00:00+00:00,51,Wieringerwerf-Medemblikkerweg,Netherlands,52.803700000000006,5.05051,2.09,57.53,23.63,4.96424,Residential,22,17,9,2,0,Fall,2025-09-17,4.9131575,0,0
2025-08-08 16:00:00+00:00,210,Liceo Polivalente,Chile,-36.601713211434,-72.958522830688,-38.99566647725403,-10.212591715282619,54.0,33.0,Residential,16,8,8,4,0,Summer,2025-08-08,31.0,0,0
2025-07-10 06:00:00+00:00,274,Reading Airport,United States,40.3833,-75.9686,-38.99566647725403,0.023,12.516405651987087,8.1,Mixed,6,10,7,3,0,Summer,2025-07-10,8.095833333333333,0,0
2025-07-08 07:00:00+00:00,282,Pinedale Gaseous,United States,42.8698,-109.8708,0.001,0.021,12.516405651987087,2.8,Industrial,7,8,7,1,0,Summer,2025-07-08,2.1695652173913045,0,0
2025-05-29 23:00:00+00:00,71,Biest Houtakker-Biestsestraat,Netherlands,51.51838800001479,5.148450000227909,7.84,27.21,5.71,2.307,Residential,23,29,5,3,0,Spring,2025-05-29,5.377551666666666,0,0
2025-05-01 04:00:00+00:00,148,Camden - Bloomsbury,United Kingdom,51.52228699999999,-0.125848,34.0,48.0,12.516405651987087,5.694295099659258,Residential,4,1,5,3,0,Spring,2025-05-01,5.694295099659258,0,0
2025-06-15 09:00:00+00:00,73,Coyhaique II,Chile,-45.579045667164,-72.049964505825,-38.99566647725403,-10.212591715282619,68.0,77.0,Residential,9,15,6,6,1,Summer,2025-06-15,74.33333333333333,1,0
2025-06-28 10:00:00+00:00,381,Rockland Cty,United States,41.182079,-74.028191,-38.99566647725403,0.018,12.516405651987087,0.3,Mixed,10,28,6,5,1,Summer,2025-06-28,1.6208333333333333,0,0
2025-09-10 17:00:00+00:00,155,Kensington and Chelsea - North Ken,United Kingdom,51.5210467476039,-0.213492139585065,8.0,60.0,12.516405651987087,3.0,Residential,17,10,9,2,0,Fall,2025-09-10,3.341666666666667,0,0
2025-05-24 17:00:00+00:00,41,Groningen-Europaweg,Netherlands,53.2178,6.5789,13.49,-10.212591715282619,18.51,2.463,Industrial,17,24,5,5,1,Spring,2025-05-24,3.7589783333333333,0,0
2025-01-27 00:00:00+00:00,293,Garden,United States,61.205861,-149.8246,-38.99566647725403,-10.212591715282619,0.0,3.0,Residential,0,27,1,0,0,Winter,2025-01-27,1.3333333333333333,0,0
2025-07-27 08:00:00+00:00,223,Gary-IITRI,United States,41.606563,-87.305015,0.0092,0.015,25.0,6.8,Industrial,8,27,7,6,1,Summer,2025-07-27,6.391666666666667,0,0
2025-03-26 23:00:00+00:00,97,IJmuiden-Kanaaldijk,Netherlands,52.463040000051045,4.60177600031704,52.1,-10.212591715282619,20.5,13.0,Industrial,23,26,3,2,0,Spring,2025-03-26,10.5375,0,0
2025-08-03 06:00:00+00:00,390,RED DEER RIVERSIDE D,Canada,52.2989,-113.7942,-38.99566647725403,0.03,12.516405651987087,9.3,Mixed,6,3,8,6,1,Summer,2025-08-03,7.508333333333333,0,0
2025-05-08 13:00:00+00:00,31,Wekerom-Riemterdijk,Netherlands,52.111599999999996,5.70842,5.38,89.43,4.43,2.19868,Residential,13,8,5,3,0,Spring,2025-05-08,3.2378375,0,0
2025-11-27 22:00:00+00:00,321,Temple Georgia C1045,United States,31.122527,-97.431158,-38.99566647725403,0.038,12.516405651987087,1.0,Mixed,22,27,11,3,0,Fall,2025-11-27,3.7916666666666665,0,0
2025-08-29 08:00:00+00:00,365,Hamshire C64,United States,29.863952,-94.3178,-38.99566647725403,0.012,12.516405651987087,12.6,Industrial,8,29,8,4,0,Summer,2025-08-29,8.75,0,0
2025-05-05 01:00:00+00:00,146,Southwark - A2 Old Kent Road,United Kingdom,51.4804994936467,-0.0595528932573422,6.0,-10.212591715282619,20.0,5.1,Mixed,1,5,5,0,0,Spring,2025-05-05,5.1,0,0
2025-04-14 12:00:00+00:00,339,Waco C1037,United States,31.6531,-97.0706,-38.99566647725403,0.038,12.516405651987087,11.3,Mixed,12,14,4,0,0,Spring,2025-04-14,11.3375,0,0
2025-08-13 06:00:00+00:00,154,London Marylebone Road,United Kingdom,51.52253,-0.154611,37.0,31.0,12.516405651987087,16.0,Mixed,6,13,8,2,0,Summer,2025-08-13,16.708333333333332,0,0
2025-03-29 16:00:00+00:00,240,Waterbury,United States,41.5503,-73.0442,-38.99566647725403,-10.212591715282619,12.0,6.1,Residential,16,29,3,5,1,Spring,2025-03-29,11.275,0,0
2025-11-02 13:00:00+00:00,342,Lancaster,United States,40.0467,-76.2833,-38.99566647725403,0.005,12.516405651987087,23.5,Mixed,13,2,11,6,1,Fall,2025-11-02,14.429166666666667,0,0
2025-04-17 00:00:00+00:00,45,Puente Alto,Chile,-33.591390623022,-70.594788,-38.99566647725403,-10.212591715282619,96.0,27.0,Mixed,0,17,4,3,0,Spring,2025-04-17,27.916666666666668,0,0
2025-04-27 07:00:00+00:00,71,Biest Houtakker-Biestsestraat,Netherlands,51.51838800001479,5.148450000227909,13.24,46.46,0.59,15.972,Residential,7,27,4,6,1,Spring,2025-04-27,8.58687,0,0
2025-10-25 05:00:00+00:00,82,Haarlem-Schipholweg,Netherlands,52.3705,4.64232,4.76,53.29,1.87,5.694295099659258,Industrial,5,25,10,5,1,Fall,2025-10-25,5.694295099659258,0,0
2025-07-27 08:00:00+00:00,69,Kingston College,Chile,-36.784653741124,-73.052063025795,-38.99566647725403,-10.212591715282619,22.0,18.0,Residential,8,27,7,6,1,Summer,2025-07-27,17.125,0,0
2025-12-07 06:00:00+00:00,314,Indpls - I-70 E,United States,39.787933,-86.13088,0.0119,0.018,12.516405651987087,23.7,Industrial,6,7,12,6,1,Winter,2025-12-07,26.979166666666668,0,0
2025-03-23 03:00:00+00:00,150,London Haringey Priory Park South - UKA00568,United Kingdom,51.58412799971813,-0.1252540000016108,23.715,2.59441,12.516405651987087,5.694295099659258,Residential,3,23,3,6,1,Spring,2025-03-23,5.694295099659258,0,0
2025-02-16 19:00:00+00:00,93,Nijmegen-Graafseweg,Netherlands,51.8414,5.85778,-995.0,-10.212591715282619,23.63,2.70534,Residential,19,16,2,6,1,Winter,2025-02-16,-31.358271666666667,0,0
2025-02-18 23:00:00+00:00,76,De Zilk-Vogelaarsdreef,Netherlands,52.296600000000005,4.51082,-995.0,49.75,17.23,24.1644,Residential,23,18,2,1,0,Winter,2025-02-18,-107.956975,0,0
2025-02-25 11:00:00+00:00,321,Temple Georgia C1045,United States,31.122527,-97.431158,-38.99566647725403,0.019,12.516405651987087,5.7,Mixed,11,25,2,1,0,Winter,2025-02-25,4.166666666666667,0,0
2025-05-12 11:00:00+00:00,240,Waterbury,United States,41.5503,-73.0442,-38.99566647725403,-10.212591715282619,11.0,5.1,Residential,11,12,5,0,0,Spring,2025-05-12,4.758333333333334,0,0
2025-01-26 00:00:00+00:00,232,Trona - Athol and Te,United States,35.774455,-117.372109,-38.99566647725403,0.047,17.0,5.694295099659258,Industrial,0,26,1,6,1,Winter,2025-01-26,5.694295099659258,0,0
2025-06-13 10:00:00+00:00,326,Jackson NCORE,United States,32.329042,-90.182659,-38.99566647725403,0.01,16.0,6.1,Mixed,10,13,6,4,0,Summer,2025-06-13,4.916666666666667,0,0
2025-05-20 03:00:00+00:00,65,Punteras,Chile,-36.923329602986,-73.036132300941,-38.99566647725403,-10.212591715282619,28.0,24.0,Residential,3,20,5,1,0,Spring,2025-05-20,25.791666666666668,0,0
2025-02-17 00:00:00+00:00,41,Groningen-Europaweg,Netherlands,53.2178,6.5789,-995.0,-10.212591715282619,12.11,5.00344,Industrial,0,17,2,0,0,Winter,2025-02-17,10.310180833333334,0,0
2025-02-23 03:00:00+00:00,326,Jackson NCORE,United States,32.329042,-90.182659,-38.99566647725403,0.005,94.0,62.5,Mixed,3,23,2,6,1,Winter,2025-02-23,16.854166666666668,0,0
2025-08-12 02:00:00+00:00,186,Houston Aldine C8,United States,29.9011,-95.3261,-38.99566647725403,0.035,12.516405651987087,6.0,Industrial,2,12,8,1,0,Summer,2025-08-12,10.541666666666666,0,0
2025-10-22 18:00:00+00:00,344,Sunrise Acres,United States,36.163962,-115.11393,0.0128,-10.212591715282619,22.0,4.1,Residential,18,22,10,2,0,Fall,2025-10-22,8.466666666666667,0,0
2025-10-02 03:00:00+00:00,232,Trona - Athol and Te,United States,35.774455,-117.372109,-38.99566647725403,0.038,17.0,5.694295099659258,Industrial,3,2,10,3,0,Fall,2025-10-02,5.694295099659258,0,0
2025-09-13 10:00:00+00:00,350,Daniel South,United States,42.7914,-110.0547,0.001,0.028,2.0,5.694295099659258,Residential,10,13,9,5,1,Fall,2025-09-13,5.694295099659258,0,0
2025-05-26 06:00:00+00:00,54,Talagante,Chile,-33.673752071375,-70.953064737434,-38.99566647725403,-10.212591715282619,69.0,47.0,Residential,6,26,5,0,0,Spring,2025-05-26,37.5,1,0
2025-12-27 18:00:00+00:00,159,London Westminster,United Kingdom,51.49467,-0.131931,21.0,-10.212591715282619,12.516405651987087,5.4,Mixed,18,27,12,5,1,Winter,2025-12-27,7.983333333333333,0,0
2025-03-21 04:00:00+00:00,65,Punteras,Chile,-36.923329602986,-73.036132300941,-38.99566647725403,-10.212591715282619,29.0,13.0,Residential,4,21,3,4,0,Spring,2025-03-21,12.35,0,0
2025-03-08 09:00:00+00:00,331,Lindon,United States,40.3414,-111.71360000000001,0.0128,0.015,8.0,8.3,Mixed,9,8,3,5,1,Spring,2025-03-08,8.6,0,0
2025-07-09 17:00:00+00:00,98,Amsterdam-Westerpark,Netherlands,52.39397200025616,4.870156999790721,-38.99566647725403,-10.212591715282619,18.7,6.7,Residential,17,9,7,2,0,Summer,2025-07-09,5.908333333333334,0,0
2025-09-03 23:00:00+00:00,82,Haarlem-Schipholweg,Netherlands,52.3705,4.64232,5.7,58.7,9.55,5.694295099659258,Industrial,23,3,9,2,0,Fall,2025-09-03,5.694295099659258,0,0
2025-02-24 13:00:00+00:00,154,London Marylebone Road,United Kingdom,51.52253,-0.154611,42.5,34.32604,12.516405651987087,-2.0,Mixed,13,24,2,0,0,Winter,2025-02-24,-2.0,0,0
2025-06-16 19:00:00+00:00,255,Mark Twain SP,United States,39.4751,-91.78899,0.0003,0.033,18.0,5.694295099659258,Residential,19,16,6,0,0,Summer,2025-06-16,5.694295099659258,0,0
2025-10-13 22:00:00+00:00,233,Spokane Valley-E Bro,United States,47.663962,-117.25765,-38.99566647725403,-10.212591715282619,3.0,3.0,Residential,22,13,10,0,0,Fall,2025-10-13,1.375,0,0
2025-09-12 01:00:00+00:00,154,London Marylebone Road,United Kingdom,51.52253,-0.154611,4.0,27.0,12.516405651987087,6.0,Mixed,1,12,9,4,0,Fall,2025-09-12,6.0,0,0
2025-08-05 01:00:00+00:00,54,Talagante,Chile,-33.673752071375,-70.953064737434,-38.99566647725403,-10.212591715282619,79.0,49.0,Residential,1,5,8,1,0,Summer,2025-08-05,51.583333333333336,1,0
2025-09-24 13:00:00+00:00,222,Terre Haute-Lafayett,United States,39.485987,-87.401312,-38.99566647725403,0.014,12.516405651987087,7.6,Residential,13,24,9,2,0,Fall,2025-09-24,6.779166666666668,0,0
2025-04-08 21:00:00+00:00,342,Lancaster,United States,40.0467,-76.2833,-38.99566647725403,0.043,12.516405651987087,2.4,Mixed,21,8,4,1,0,Spring,2025-04-08,5.091666666666667,0,0
2025-10-29 03:00:00+00:00,350,Daniel South,United States,42.7914,-110.0547,0.0,0.029,-2.0,5.694295099659258,Residential,3,29,10,2,0,Fall,2025-10-29,5.694295099659258,0,0
2025-06-22 01:00:00+00:00,274,Reading Airport,United States,40.3833,-75.9686,-38.99566647725403,0.062,12.516405651987087,10.5,Mixed,1,22,6,6,1,Summer,2025-06-22,9.129166666666666,0,0
2025-01-25 09:00:00+00:00,341,St. Marks Wildlife R,United States,30.0842,-84.1617,-38.99566647725403,0.021,12.516405651987087,5.3,Residential,9,25,1,5,1,Winter,2025-01-25,5.845833333333334,0,0
2025-09-14 04:00:00+00:00,240,Waterbury,United States,41.5503,-73.0442,-38.99566647725403,-10.212591715282619,12.0,7.1,Residential,4,14,9,6,1,Fall,2025-09-14,7.554166666666667,0,0
2025-03-04 01:00:00+00:00,344,Sunrise Acres,United States,36.163962,-115.11393,0.0132,-10.212591715282619,38.0,4.1,Residential,1,4,3,1,0,Spring,2025-03-04,4.120833333333334,0,0
2025-08-03 21:00:00+00:00,55,Utrecht-Kardinaal de Jongweg,Netherlands,52.105,5.12446,9.04,-995.0,21.07,1.4088,Residential,21,3,8,6,1,Summer,2025-08-03,4.528303333333333,0,0
2025-11-19 14:00:00+00:00,72,Curicó,Chile,-34.974925077541,-71.233967512329,-38.99566647725403,-10.212591715282619,44.0,19.0,Residential,14,19,11,2,0,Fall,2025-11-19,17.75,0,0
2025-09-19 17:00:00+00:00,230,Barstow,United States,34.894054,-117.024756,-38.99566647725403,0.037,5.0,5.694295099659258,Residential,17,19,9,4,0,Fall,2025-09-19,5.694295099659258,0,0
2025-12-02 23:00:00+00:00,326,Jackson NCORE,United States,32.329042,-90.182659,-38.99566647725403,0.029,8.0,5.7,Mixed,23,2,12,1,0,Winter,2025-12-02,5.158333333333333,0,0
2025-11-26 00:00:00+00:00,260,St. Joseph,United States,39.741667,-94.858333,-38.99566647725403,-10.212591715282619,35.0,5.6,Mixed,0,26,11,2,0,Fall,2025-11-26,2.0833333333333335,0,0
2025-08-04 08:00:00+00:00,352,Minneapolis - Pacifi,United States,45.008297,-93.277041,-38.99566647725403,-10.212591715282619,39.0,25.7,Residential,8,4,8,0,0,Summer,2025-08-04,23.964285714285715,0,0
2025-05-27 18:00:00+00:00,102,Amsterdam-Einsteinweg,Netherlands,52.381331000231505,4.845232999687698,25.2,-10.212591715282619,11.9,1.2,Industrial,18,27,5,1,0,Spring,2025-05-27,1.8869565217391304,0,0
2025-04-07 09:00:00+00:00,305,Smithfield,United States,41.842778,-111.85193999999998,0.0039,0.024,12.516405651987087,3.2,Mixed,9,7,4,0,0,Spring,2025-04-07,5.266666666666667,0,0
2025-04-11 07:00:00+00:00,352,Minneapolis - Pacifi,United States,45.008297,-93.277041,-38.99566647725403,-10.212591715282619,21.0,15.9,Residential,7,11,4,4,0,Spring,2025-04-11,16.541666666666668,0,0
2025-09-11 18:00:00+00:00,69,Kingston College,Chile,-36.784653741124,-73.052063025795,-38.99566647725403,-10.212591715282619,41.0,26.0,Residential,18,11,9,3,0,Fall,2025-09-11,24.875,0,0
2025-07-27 19:00:00+00:00,326,Jackson NCORE,United States,32.329042,-90.182659,-38.99566647725403,0.028,9.0,3.8,Mixed,19,27,7,6,1,Summer,2025-07-27,4.9875,0,0
2025-01-21 18:00:00+00:00,65,Punteras,Chile,-36.923329602986,-73.036132300941,-38.99566647725403,-10.212591715282619,26.0,13.0,Residential,18,21,1,1,0,Winter,2025-01-21,16.083333333333332,0,0
2025-08-23 01:00:00+00:00,26,Inpesca,Chile,-36.737202,-73.104427,-38.99566647725403,-10.212591715282619,33.0,30.0,Industrial,1,23,8,5,1,Summer,2025-08-23,50.916666666666664,1,0
2025-04-06 16:00:00+00:00,314,Indpls - I-70 E,United States,39.787933,-86.13088,0.0161,0.029,12.516405651987087,4.1,Industrial,16,6,4,6,1,Spring,2025-04-06,5.079166666666667,0,0
2025-04-22 16:00:00+00:00,364,Colegio Pedro Vergara Keller,Chile,-22.44283906304,-68.932546346863,-38.99566647725403,-10.212591715282619,48.0,18.0,Residential,16,22,4,1,0,Spring,2025-04-22,18.125,0,0
2025-11-12 06:00:00+00:00,68,Cerro Merquín,Chile,-37.021182877699,-73.149555550926,-38.99566647725403,-10.212591715282619,26.0,14.0,Residential,6,12,11,2,0,Fall,2025-11-12,14.291666666666666,0,0
2025-05-21 06:00:00+00:00,155,Kensington and Chelsea - North Ken,United Kingdom,51.5210467476039,-0.213492139585065,33.0,64.0,12.516405651987087,5.0,Residential,6,21,5,2,0,Spring,2025-05-21,6.366666666666667,0,0
2025-02-27 13:00:00+00:00,25,Parque O'Higgins,Chile,-33.464142,-70.660797,-38.99566647725403,-10.212591715282619,81.0,24.0,Residential,13,27,2,3,0,Winter,2025-02-27,23.083333333333332,0,0
2025-09-09 01:00:00+00:00,384,CCNY,United States,40.8197,-73.9481,-38.99566647725403,0.031,12.516405651987087,5.0,Mixed,1,9,9,1,0,Fall,2025-09-09,4.5125,0,0
2025-05-22 08:00:00+00:00,297,Steeper,Canada,53.1325,-117.09111,0.0,0.026,12.516405651987087,0.9,Industrial,8,22,5,3,0,Spring,2025-05-22,0.9416666666666668,0,0
2025-10-02 22:00:00+00:00,146,Southwark - A2 Old Kent Road,United Kingdom,51.4804994936467,-0.0595528932573422,10.3275,-10.212591715282619,15.0,5.1,Mixed,22,2,10,3,0,Fall,2025-10-02,5.1,0,0
2025-02-01 09:00:00+00:00,222,Terre Haute-Lafayett,United States,39.485987,-87.401312,-38.99566647725403,0.021,12.516405651987087,10.6,Residential,9,1,2,5,1,Winter,2025-02-01,8.304166666666667,0,0
2025-01-01 07:00:00+00:00,242,Potawatomi,United States,45.5639,-88.81,-38.99566647725403,0.022,12.516405651987087,5.0,Residential,7,1,1,2,0,Winter,2025-01-01,3.845833333333333,0,0
2025-10-31 09:00:00+00:00,26,Inpesca,Chile,-36.737202,-73.104427,-38.99566647725403,-10.212591715282619,22.0,14.0,Industrial,9,31,10,4,0,Fall,2025-10-31,13.782608695652174,0,0
2025-07-05 02:00:00+00:00,27,Concón,Chile,-32.924568,-71.515399,-38.99566647725403,-10.212591715282619,63.0,39.0,Industrial,2,5,7,5,1,Summer,2025-07-05,31.333333333333332,0,0
2025-10-05 23:00:00+00:00,77,Hoek v. Holland-Berghaven,Netherlands,51.97783000007194,4.121903000365913,2.0,-10.212591715282619,40.2,7.5,Industrial,23,5,10,6,1,Fall,2025-10-05,10.31764705882353,0,0
2025-06-19 22:00:00+00:00,93,Nijmegen-Graafseweg,Netherlands,51.8414,5.85778,34.44,-10.212591715282619,22.35,12.963,Residential,22,19,6,3,0,Summer,2025-06-19,5.7779799999999994,0,0
2025-10-20 23:00:00+00:00,44,Heerlen-Jamboreepad,Netherlands,50.90031700019946,5.986852999872599,1.27,57.74,8.27,0.542,Residential,23,20,10,0,0,Fall,2025-10-20,1.493286956521739,0,0
2025-06-04 20:00:00+00:00,216,South Bend-Shields D,United States,41.696667,-86.214722,0.0018,0.037,12.516405651987087,20.0,Residential,20,4,6,2,0,Summer,2025-06-04,20.087500000000002,0,0
2025-02-14 08:00:00+00:00,186,Houston Aldine C8,United States,29.9011,-95.3261,-38.99566647725403,0.022,12.516405651987087,8.0,Industrial,8,14,2,4,0,Winter,2025-02-14,7.458333333333333,0,0
2025-10-15 03:00:00+00:00,260,St. Joseph,United States,39.741667,-94.858333,-38.99566647725403,-10.212591715282619,29.0,11.5,Mixed,3,15,10,2,0,Fall,2025-10-15,13.529166666666667,0,0
2025-11-03 22:00:00+00:00,222,Terre Haute-Lafayett,United States,39.485987,-87.401312,-38.99566647725403,0.029,12.516405651987087,3.5,Residential,22,3,11,0,0,Fall,2025-11-03,5.816666666666666,0,0
2025-09-27 13:00:00+00:00,287,St. Lina,Canada,54.216473,-111.50264,0.003,0.027,12.516405651987087,3.1,Residential,13,27,9,5,1,Fall,2025-09-27,1.5416666666666667,0,0
2025-07-23 06:00:00+00:00,260,St. Joseph,United States,39.741667,-94.858333,-38.99566647725403,-10.212591715282619,45.0,17.0,Mixed,6,23,7,2,0,Summer,2025-07-23,12.766666666666666,0,0
2025-07-08 05:00:00+00:00,51,Wieringerwerf-Medemblikkerweg,Netherlands,52.803700000000006,5.05051,13.4,53.16,12.11,7.247,Residential,5,8,7,1,0,Summer,2025-07-08,8.014770833333333,0,0
2025-02-11 13:00:00+00:00,384,CCNY,United States,40.8197,-73.9481,-38.99566647725403,0.012,12.516405651987087,7.4,Mixed,13,11,2,1,0,Winter,2025-02-11,6.908333333333334,0,0
2025-01-21 02:00:00+00:00,222,Terre Haute-Lafayett,United States,39.485987,-87.401312,-38.99566647725403,0.025,12.516405651987087,1.1,Residential,2,21,1,1,0,Winter,2025-01-21,4.508333333333334,0,0
2025-10-11 01:00:00+00:00,259,Troost,United States,39.10465,-94.57055,0.017,-10.212591715282619,51.0,6.9,Residential,1,11,10,5,1,Fall,2025-10-11,9.466666666666667,0,0
2025-08-21 21:00:00+00:00,154,London Marylebone Road,United Kingdom,51.52253,-0.154611,12.0,56.0,12.516405651987087,3.0,Mixed,21,21,8,3,0,Summer,2025-08-21,3.9583333333333335,0,0
2025-06-24 10:00:00+00:00,326,Jackson NCORE,United States,32.329042,-90.182659,-38.99566647725403,0.002,26.0,7.3,Mixed,10,24,6,1,0,Summer,2025-06-24,5.779166666666666,0,0
2025-03-30 20:00:00+00:00,388,Lota rural,Chile,-37.100696257418,-73.155760394707,-38.99566647725403,-10.212591715282619,14.0,13.0,Residential,20,30,3,6,1,Spring,2025-03-30,13.75,0,0
2025-02-21 16:00:00+00:00,186,Houston Aldine C8,United States,29.9011,-95.3261,-38.99566647725403,0.031,12.516405651987087,5.0,Industrial,16,21,2,4,0,Winter,2025-02-21,6.5,0,0
2025-07-04 00:00:00+00:00,187,Houston Bayland Park,United States,29.6958,-95.4992,-38.99566647725403,0.002,12.516405651987087,10.8,Residential,0,4,7,4,0,Summer,2025-07-04,13.254166666666668,0,0
2025-06-28 17:00:00+00:00,98,Amsterdam-Westerpark,Netherlands,52.39397200025616,4.870156999790721,-38.99566647725403,-10.212591715282619,7.5,2.7,Residential,17,28,6,5,1,Summer,2025-06-28,3.529166666666667,0,0
2025-04-23 15:00:00+00:00,227,Kokomo - E. Vaile Av,United States,40.481347,-86.109688,-38.99566647725403,0.047,12.516405651987087,6.7,Residential,15,23,4,2,0,Spring,2025-04-23,7.370833333333334,0,0
2025-10-24 01:00:00+00:00,352,Minneapolis - Pacifi,United States,45.008297,-93.277041,-38.99566647725403,-10.212591715282619,43.0,24.7,Residential,1,24,10,4,0,Fall,2025-10-24,15.128571428571428,0,0
2025-06-16 18:00:00+00:00,289,LOCKELAND,United States,36.1767,-86.7386,-38.99566647725403,-10.212591715282619,17.0,7.2,Residential,18,16,6,0,0,Summer,2025-06-16,6.1875,0,0
2025-02-24 08:00:00+00:00,314,Indpls - I-70 E,United States,39.787933,-86.13088,0.0132,0.024,12.516405651987087,11.4,Industrial,8,24,2,0,0,Winter,2025-02-24,10.858333333333334,0,0
2025-08-16 07:00:00+00:00,149,Ealing Horn Lane,United Kingdom,51.51895,-0.265617,13.4,-10.212591715282619,36.0,5.694295099659258,Residential,7,16,8,5,1,Summer,2025-08-16,5.694295099659258,0,0
2025-07-22 04:00:00+00:00,71,Biest Houtakker-Biestsestraat,Netherlands,51.51838800001479,5.148450000227909,14.4,37.5,12.11,5.913,Residential,4,22,7,1,0,Summer,2025-07-22,3.6899691666666663,0,0
2025-11-24 09:00:00+00:00,321,Temple Georgia C1045,United States,31.122527,-97.431158,-38.99566647725403,0.021,12.516405651987087,12.0,Mixed,9,24,11,0,0,Fall,2025-11-24,6.916666666666667,0,0
2025-05-23 17:00:00+00:00,77,Hoek v. Holland-Berghaven,Netherlands,51.97783000007194,4.121903000365913,1.7,-10.212591715282619,14.7,5.1,Industrial,17,23,5,4,0,Spring,2025-05-23,4.45,0,0
2025-04-14 19:00:00+00:00,298,Bruderheim,Canada,53.800117,-112.927795,0.004,0.042,12.516405651987087,3.2,Industrial,19,14,4,0,0,Spring,2025-04-14,3.9291666666666667,0,0
2025-02-07 17:00:00+00:00,230,Barstow,United States,34.894054,-117.024756,-38.99566647725403,0.029,8.0,5.694295099659258,Residential,17,7,2,4,0,Winter,2025-02-07,5.694295099659258,0,0
2025-01-06 03:00:00+00:00,350,Daniel South,United States,42.7914,-110.0547,0.0,0.039,-2.0,5.694295099659258,Residential,3,6,1,0,0,Winter,2025-01-06,5.694295099659258,0,0
2025-07-05 09:00:00+00:00,321,Temple Georgia C1045,United States,31.122527,-97.431158,-38.99566647725403,0.009,12.516405651987087,21.0,Mixed,9,5,7,5,1,Summer,2025-07-05,15.583333333333334,0,0
2025-05-22 21:00:00+00:00,360,Patricia McInnes,Canada,56.7522,-111.4761,-38.99566647725403,0.037,12.516405651987087,10.0,Industrial,21,22,5,3,0,Spring,2025-05-22,9.383333333333333,0,0
2025-12-24 14:00:00+00:00,159,London Westminster,United Kingdom,51.49467,-0.131931,14.0,-10.212591715282619,12.516405651987087,5.1,Mixed,14,24,12,2,0,Winter,2025-12-24,8.833333333333334,0,0
2025-06-15 18:00:00+00:00,331,Lindon,United States,40.3414,-111.71360000000001,0.0014,0.055,21.0,4.7,Mixed,18,15,6,6,1,Summer,2025-06-15,4.183333333333334,0,0
2025-05-14 10:00:00+00:00,297,Steeper,Canada,53.1325,-117.09111,0.0,0.041,12.516405651987087,2.0,Industrial,10,14,5,2,0,Spring,2025-05-14,2.1166666666666667,0,0
2025-01-14 04:00:00+00:00,314,Indpls - I-70 E,United States,39.787933,-86.13088,0.0103,0.025,12.516405651987087,6.1,Industrial,4,14,1,1,0,Winter,2025-01-14,9.029166666666667,0,0
2025-12-09 08:00:00+00:00,360,Patricia McInnes,Canada,56.7522,-111.4761,-38.99566647725403,0.022,12.516405651987087,2.8,Industrial,8,9,12,1,0,Winter,2025-12-09,2.345833333333333,0,0
2025-06-11 14:00:00+00:00,242,Potawatomi,United States,45.5639,-88.81,-38.99566647725403,0.038,12.516405651987087,30.4,Residential,14,11,6,2,0,Summer,2025-06-11,38.0375,1,0
2025-02-20 02:00:00+00:00,101,Amsterdam-Hoogtij,Netherlands,52.42801700027339,4.7734780002434976,30.0,-10.212591715282619,31.6,24.9,Industrial,2,20,2,3,0,Winter,2025-02-20,23.617391304347827,0,0
2025-05-04 07:00:00+00:00,334,Miami Fire Station #,United States,25.7947,-80.2156,-38.99566647725403,-10.212591715282619,15.0,6.6,Mixed,7,4,5,6,1,Spring,2025-05-04,7.325,0,0
2025-02-27 11:00:00+00:00,51,Wieringerwerf-Medemblikkerweg,Netherlands,52.803700000000006,5.05051,-995.0,67.18,6.99,7.8866,Residential,11,27,2,3,0,Winter,2025-02-27,-414.86894666666666,0,0
2025-04-15 20:00:00+00:00,45,Puente Alto,Chile,-33.591390623022,-70.594788,-38.99566647725403,-10.212591715282619,83.0,24.0,Mixed,20,15,4,1,0,Spring,2025-04-15,25.208333333333332,0,0
2025-05-11 06:00:00+00:00,345,Cataño 40,Puerto Rico,18.428388,-66.141657,-38.99566647725403,-10.212591715282619,51.0,7.0,Industrial,6,11,5,6,1,Spring,2025-05-11,8.375,0,0
2025-06-11 03:00:00+00:00,52,Rotterdam-Oost Sidelinge A13,Netherlands,51.938472000211014,4.430691999983553,37.7,-10.212591715282619,23.6,17.5,Industrial,3,11,6,2,0,Summer,2025-06-11,9.929166666666667,0,0
2025-08-13 09:00:00+00:00,239,Alamo Lake,United States,34.243889,-113.558611,-38.99566647725403,0.033,53.0,12.8,Residential,9,13,8,2,0,Summer,2025-08-13,11.716666666666667,0,0
2025-06-22 01:00:00+00:00,148,Camden - Bloomsbury,United Kingdom,51.52228699999999,-0.125848,13.0,104.0,12.516405651987087,5.694295099659258,Residential,1,22,6,6,1,Summer,2025-06-22,5.694295099659258,0,0
2025-06-07 05:00:00+00:00,342,Lancaster,United States,40.0467,-76.2833,-38.99566647725403,0.023,12.516405651987087,12.1,Mixed,5,7,6,5,1,Summer,2025-06-07,9.033333333333333,0,0
2025-09-23 09:00:00+00:00,255,Mark Twain SP,United States,39.4751,-91.78899,0.0008,0.035,32.0,5.694295099659258,Residential,9,23,9,1,0,Fall,2025-09-23,5.694295099659258,0,0
2025-06-10 23:00:00+00:00,191,Seabrook Friendship,United States,29.5831,-95.0156,-38.99566647725403,0.036,12.516405651987087,9.6,Residential,23,10,6,1,0,Summer,2025-06-10,9.358333333333333,0,0
2025-08-10 10:00:00+00:00,153,London Hillingdon,United Kingdom,51.49633,-0.460861,23.0,16.0,12.516405651987087,5.694295099659258,Residential,10,10,8,6,1,Summer,2025-08-10,5.694295099659258,0,0
2025-02-14 23:00:00+00:00,345,Cataño 40,Puerto Rico,18.428388,-66.141657,-38.99566647725403,-10.212591715282619,23.0,10.0,Industrial,23,14,2,4,0,Winter,2025-02-14,6.136363636363637,0,0
2025-08-01 19:00:00+00:00,298,Bruderheim,Canada,53.800117,-112.927795,0.0,0.049,12.516405651987087,12.6,Industrial,19,1,8,4,0,Summer,2025-08-01,14.4125,0,0
2025-08-10 23:00:00+00:00,390,RED DEER RIVERSIDE D,Canada,52.2989,-113.7942,-38.99566647725403,0.022,12.516405651987087,3.9,Mixed,23,10,8,6,1,Summer,2025-08-10,5.120833333333334,0,0
2025-11-02 07:00:00+00:00,293,Garden,United States,61.205861,-149.8246,-38.99566647725403,-10.212591715282619,43.0,20.0,Residential,7,2,11,6,1,Fall,2025-11-02,12.541666666666666,0,0
2025-09-09 18:00:00+00:00,54,Talagante,Chile,-33.673752071375,-70.953064737434,-38.99566647725403,-10.212591715282619,46.0,23.0,Residential,18,9,9,1,0,Fall,2025-09-09,22.541666666666668,0,0
2025-11-02 21:00:00+00:00,212,ROLAND,United States,35.408138,-94.524414,0.0021000000000000003,-10.212591715282619,12.516405651987087,2.0,Mixed,21,2,11,6,1,Fall,2025-11-02,1.1666666666666667,0,0
2025-01-09 16:00:00+00:00,314,Indpls - I-70 E,United States,39.787933,-86.13088,0.0189,0.015,12.516405651987087,32.8,Industrial,16,9,1,3,0,Winter,2025-01-09,21.125,0,0
2025-12-29 03:00:00+00:00,358,Albemarle HS,United States,38.07657,-78.50397,-38.99566647725403,0.017,12.516405651987087,7.2,Residential,3,29,12,0,0,Winter,2025-12-29,5.1000000000000005,0,0
2025-10-30 04:00:00+00:00,390,RED DEER RIVERSIDE D,Canada,52.2989,-113.7942,-38.99566647725403,0.025,12.516405651987087,1.8,Mixed,4,30,10,3,0,Fall,2025-10-30,3.3541666666666665,0,0
2025-07-24 23:00:00+00:00,381,Rockland Cty,United States,41.182079,-74.028191,-38.99566647725403,0.05,12.516405651987087,10.7,Mixed,23,24,7,3,0,Summer,2025-07-24,5.033333333333333,0,0
2025-03-02 05:00:00+00:00,191,Seabrook Friendship,United States,29.5831,-95.0156,-38.99566647725403,0.047,12.516405651987087,18.4,Residential,5,2,3,6,1,Spring,2025-03-02,16.0625,0,0
2025-03-28 04:00:00+00:00,41,Groningen-Europaweg,Netherlands,53.2178,6.5789,15.4,-10.212591715282619,44.11,26.193,Industrial,4,28,3,4,0,Spring,2025-03-28,15.5076925,0,0
2025-01-02 07:00:00+00:00,210,Liceo Polivalente,Chile,-36.601713211434,-72.958522830688,-38.99566647725403,-10.212591715282619,43.0,19.0,Residential,7,2,1,3,0,Winter,2025-01-02,18.458333333333332,0,0
2025-10-18 23:00:00+00:00,221,Indpls-Washington Pa,United States,39.810833,-86.114444,0.0145,0.02,17.0,8.0,Residential,23,18,10,5,1,Fall,2025-10-18,6.858333333333333,0,0
2025-09-28 00:00:00+00:00,25,Parque O'Higgins,Chile,-33.464142,-70.660797,-38.99566647725403,-10.212591715282619,49.0,26.0,Residential,0,28,9,6,1,Fall,2025-09-28,31.291666666666668,0,0
2025-09-18 17:00:00+00:00,159,London Westminster,United Kingdom,51.49467,-0.131931,7.0,-10.212591715282619,12.516405651987087,2.0,Mixed,17,18,9,3,0,Fall,2025-09-18,2.0,0,0
2025-04-23 07:00:00+00:00,305,Smithfield,United States,41.842778,-111.85193999999998,0.0031,0.022,12.516405651987087,6.0,Mixed,7,23,4,2,0,Spring,2025-04-23,5.604166666666667,0,0
2025-01-06 02:00:00+00:00,360,Patricia McInnes,Canada,56.7522,-111.4761,-38.99566647725403,0.024,12.516405651987087,3.2,Industrial,2,6,1,0,0,Winter,2025-01-06,3.733333333333333,0,0
2025-01-02 05:00:00+00:00,364,Colegio Pedro Vergara Keller,Chile,-22.44283906304,-68.932546346863,-38.99566647725403,-10.212591715282619,41.0,19.0,Residential,5,2,1,3,0,Winter,2025-01-02,19.555555555555557,0,0
2025-03-27 08:00:00+00:00,149,Ealing Horn Lane,United Kingdom,51.51895,-0.265617,41.7,-10.212591715282619,73.6,5.694295099659258,Residential,8,27,3,3,0,Spring,2025-03-27,5.694295099659258,0,0
2025-11-27 20:00:00+00:00,210,Liceo Polivalente,Chile,-36.601713211434,-72.958522830688,-38.99566647725403,-10.212591715282619,13.0,11.0,Residential,20,27,11,3,0,Fall,2025-11-27,11.0,0,0
2025-05-13 19:00:00+00:00,73,Coyhaique II,Chile,-45.579045667164,-72.049964505825,-38.99566647725403,-10.212591715282619,49.0,43.0,Residential,19,13,5,1,0,Spring,2025-05-13,40.875,1,0
2025-12-01 21:00:00+00:00,314,Indpls - I-70 E,United States,39.787933,-86.13088,0.0119,0.018,12.516405651987087,10.4,Industrial,21,1,12,0,0,Winter,2025-12-01,13.3375,0,0
2025-02-24 05:00:00+00:00,259,Troost,United States,39.10465,-94.57055,0.0288,-10.212591715282619,28.0,8.2,Residential,5,24,2,0,0,Winter,2025-02-24,7.883333333333333,0,0
2025-05-01 23:00:00+00:00,223,Gary-IITRI,United States,41.606563,-87.305015,0.0055,0.032,11.0,12.9,Industrial,23,1,5,3,0,Spring,2025-05-01,7.879166666666666,0,0
2025-10-22 11:00:00+00:00,288,Hawthorne,United States,40.733501,-111.87169600000001,0.025,0.005,12.0,5.4,Mixed,11,22,10,2,0,Fall,2025-10-22,10.025,0,0
2025-01-01 16:00:00+00:00,239,Alamo Lake,United States,34.243889,-113.558611,-38.99566647725403,0.024,18.0,3.0,Residential,16,1,1,2,0,Winter,2025-01-01,3.4166666666666665,0,0
2025-11-07 12:00:00+00:00,321,Temple Georgia C1045,United States,31.122527,-97.431158,-38.99566647725403,0.014,12.516405651987087,2.0,Mixed,12,7,11,4,0,Fall,2025-11-07,6.166666666666667,0,0
2025-01-16 08:00:00+00:00,255,Mark Twain SP,United States,39.4751,-91.78899,0.0035,0.03,8.0,5.694295099659258,Residential,8,16,1,3,0,Winter,2025-01-16,5.694295099659258,0,0
2025-07-19 00:00:00+00:00,221,Indpls-Washington Pa,United States,39.810833,-86.114444,0.0045,0.038,19.0,10.6,Residential,0,19,7,5,1,Summer,2025-07-19,7.675,0,0
2025-01-14 15:00:00+00:00,25,Parque O'Higgins,Chile,-33.464142,-70.660797,-38.99566647725403,-10.212591715282619,54.0,21.0,Residential,15,14,1,1,0,Winter,2025-01-14,20.666666666666668,0,0
2025-08-15 22:00:00+00:00,364,Colegio Pedro Vergara Keller,Chile,-22.44283906304,-68.932546346863,-38.99566647725403,-10.212591715282619,46.0,17.0,Residential,22,15,8,4,0,Summer,2025-08-15,18.291666666666668,0,0
2025-03-09 07:00:00+00:00,359,Estaci�n Bomberos,Mexico,20.67495,-101.35595,-38.99566647725403,0.018,55.0,8.3,Mixed,7,9,3,6,1,Spring,2025-03-09,13.916666666666666,0,0
2025-01-31 05:00:00+00:00,352,Minneapolis - Pacifi,United States,45.008297,-93.277041,-38.99566647725403,-10.212591715282619,40.0,26.5,Residential,5,31,1,4,0,Winter,2025-01-31,15.839130434782609,0,0
2025-09-18 00:00:00+00:00,71,Biest Houtakker-Biestsestraat,Netherlands,51.51838800001479,5.148450000227909,4.77,51.39,9.55,5.91,Residential,0,18,9,3,0,Fall,2025-09-18,-38.27352666666666,0,0
2025-11-24 13:00:00+00:00,63,Philippine-Stelleweg,Netherlands,51.29449999999999,3.7494799999999997,5.8,50.7,10.83,5.694295099659258,Residential,13,24,11,0,0,Fall,2025-11-24,5.694295099659258,0,0
2025-11-19 15:00:00+00:00,55,Utrecht-Kardinaal de Jongweg,Netherlands,52.105,5.12446,11.4,-995.0,-0.69,-0.29836,Residential,15,19,11,2,0,Fall,2025-11-19,4.862034166666667,0,0
2025-05-20 10:00:00+00:00,191,Seabrook Friendship,United States,29.5831,-95.0156,-38.99566647725403,0.015,12.516405651987087,10.3,Residential,10,20,5,1,0,Spring,2025-05-20,14.85,0,0
2025-09-15 05:00:00+00:00,384,CCNY,United States,40.8197,-73.9481,-38.99566647725403,0.021,12.516405651987087,13.0,Mixed,5,15,9,0,0,Fall,2025-09-15,11.941666666666668,0,0
2025-04-06 07:00:00+00:00,148,Camden - Bloomsbury,United Kingdom,51.52228699999999,-0.125848,11.0,58.0,12.516405651987087,5.694295099659258,Residential,7,6,4,6,1,Spring,2025-04-06,5.694295099659258,0,0
2025-08-27 08:00:00+00:00,82,Haarlem-Schipholweg,Netherlands,52.3705,4.64232,21.44,27.66,24.91,5.694295099659258,Industrial,8,27,8,2,0,Summer,2025-08-27,5.694295099659258,0,0
2025-02-20 08:00:00+00:00,270,Los Ángeles Oriente,Chile,-37.463035064801,-72.324575155457,-38.99566647725403,-10.212591715282619,52.0,16.0,Residential,8,20,2,3,0,Winter,2025-02-20,15.714285714285714,0,0
2025-06-15 20:00:00+00:00,287,St. Lina,Canada,54.216473,-111.50264,0.001,0.037,12.516405651987087,3.7,Residential,20,15,6,6,1,Summer,2025-06-15,4.891666666666667,0,0
2025-07-19 13:00:00+00:00,298,Bruderheim,Canada,53.800117,-112.927795,0.004,0.023,12.516405651987087,18.5,Industrial,13,19,7,5,1,Summer,2025-07-19,16.570833333333333,0,0
2025-01-21 11:00:00+00:00,68,Cerro Merquín,Chile,-37.021182877699,-73.149555550926,-38.99566647725403,-10.212591715282619,35.0,16.0,Residential,11,21,1,1,0,Winter,2025-01-21,15.333333333333334,0,0
2025-07-31 15:00:00+00:00,102,Amsterdam-Einsteinweg,Netherlands,52.381331000231505,4.845232999687698,5.2,-10.212591715282619,5.1,3.9,Industrial,15,31,7,3,0,Summer,2025-07-31,6.0285714285714285,0,0
2025-03-21 11:00:00+00:00,227,Kokomo - E. Vaile Av,United States,40.481347,-86.109688,-38.99566647725403,0.024,12.516405651987087,1.2,Residential,11,21,3,4,0,Spring,2025-03-21,1.625,0,0
2025-05-26 22:00:00+00:00,153,London Hillingdon,United Kingdom,51.49633,-0.460861,12.24,70.04907,12.516405651987087,5.694295099659258,Residential,22,26,5,0,0,Spring,2025-05-26,5.694295099659258,0,0
2025-07-30 21:00:00+00:00,314,Indpls - I-70 E,United States,39.787933,-86.13088,0.018699999999999998,0.048,12.516405651987087,12.9,Industrial,21,30,7,2,0,Summer,2025-07-30,10.4,0,0
2025-03-18 20:00:00+00:00,97,IJmuiden-Kanaaldijk,Netherlands,52.463040000051045,4.60177600031704,18.3,-10.212591715282619,12.9,9.4,Industrial,20,18,3,1,0,Spring,2025-03-18,6.5,0,0
2025-06-11 16:00:00+00:00,242,Potawatomi,United States,45.5639,-88.81,-38.99566647725403,0.045,12.516405651987087,29.7,Residential,16,11,6,2,0,Summer,2025-06-11,38.0375,1,0
2025-09-23 05:00:00+00:00,298,Bruderheim,Canada,53.800117,-112.927795,0.001,0.038,12.516405651987087,5.0,Industrial,5,23,9,1,0,Fall,2025-09-23,4.4125000000000005,0,0
2025-11-30 18:00:00+00:00,364,Colegio Pedro Vergara Keller,Chile,-22.44283906304,-68.932546346863,-38.99566647725403,-10.212591715282619,39.0,16.0,Residential,18,30,11,6,1,Fall,2025-11-30,16.17391304347826,0,0
2025-06-10 10:00:00+00:00,45,Puente Alto,Chile,-33.591390623022,-70.594788,-38.99566647725403,-10.212591715282619,132.0,48.0,Mixed,10,10,6,1,0,Summer,2025-06-10,47.541666666666664,1,0
2025-05-08 08:00:00+00:00,150,London Haringey Priory Park South - UKA00568,United Kingdom,51.58412799971813,-0.1252540000016108,6.0,69.0,12.516405651987087,5.694295099659258,Residential,8,8,5,3,0,Spring,2025-05-08,5.694295099659258,0,0
2025-05-10 09:00:00+00:00,52,Rotterdam-Oost Sidelinge A13,Netherlands,51.938472000211014,4.430691999983553,9.6,-10.212591715282619,13.0,4.4,Industrial,9,10,5,5,1,Spring,2025-05-10,4.333333333333333,0,0
2025-12-15 09:00:00+00:00,321,Temple Georgia C1045,United States,31.122527,-97.431158,-38.99566647725403,0.015,12.516405651987087,3.0,Mixed,9,15,12,0,0,Winter,2025-12-15,6.791666666666667,0,0
2025-08-31 04:00:00+00:00,289,LOCKELAND,United States,36.1767,-86.7386,-38.99566647725403,-10.212591715282619,11.0,5.2,Residential,4,31,8,6,1,Summer,2025-08-31,4.28695652173913,0,0
2025-07-22 20:00:00+00:00,388,Lota rural,Chile,-37.100696257418,-73.155760394707,-38.99566647725403,-10.212591715282619,13.0,13.0,Residential,20,22,7,1,0,Summer,2025-07-22,13.0,0,0
2025-11-08 17:00:00+00:00,239,Alamo Lake,United States,34.243889,-113.558611,-38.99566647725403,0.026,27.0,3.8,Residential,17,8,11,5,1,Fall,2025-11-08,3.3708333333333336,0,0
2025-03-12 06:00:00+00:00,274,Reading Airport,United States,40.3833,-75.9686,-38.99566647725403,0.042,12.516405651987087,5.3,Mixed,6,12,3,2,0,Spring,2025-03-12,4.191666666666666,0,0
2025-02-19 12:00:00+00:00,365,Hamshire C64,United States,29.863952,-94.3178,-38.99566647725403,0.021,12.516405651987087,0.0,Industrial,12,19,2,2,0,Winter,2025-02-19,4.5,0,0
2025-12-27 00:00:00+00:00,305,Smithfield,United States,41.842778,-111.85193999999998,0.001,0.04,12.516405651987087,0.1,Mixed,0,27,12,5,1,Winter,2025-12-27,0.7416666666666667,0,0
2025-09-30 17:00:00+00:00,293,Garden,United States,61.205861,-149.8246,-38.99566647725403,-10.212591715282619,41.0,9.0,Residential,17,30,9,1,0,Fall,2025-09-30,8.73913043478261,0,0
2025-10-16 01:00:00+00:00,76,De Zilk-Vogelaarsdreef,Netherlands,52.296600000000005,4.51082,2.14,63.38,13.39,5.6179,Residential,1,16,10,3,0,Fall,2025-10-16,-38.445744166666664,0,0
2025-05-15 21:00:00+00:00,305,Smithfield,United States,41.842778,-111.85193999999998,0.0017,0.048,12.516405651987087,3.7,Mixed,21,15,5,3,0,Spring,2025-05-15,3.0666666666666664,0,0
2025-07-09 16:00:00+00:00,331,Lindon,United States,40.3414,-111.71360000000001,0.016,0.033,98.0,17.3,Mixed,16,9,7,2,0,Summer,2025-07-09,6.908333333333334,0,0
2025-08-02 05:00:00+00:00,321,Temple Georgia C1045,United States,31.122527,-97.431158,-38.99566647725403,0.012,12.516405651987087,11.0,Mixed,5,2,8,5,1,Summer,2025-08-02,9.708333333333334,0,0
2025-01-26 17:00:00+00:00,345,Cataño 40,Puerto Rico,18.428388,-66.141657,-38.99566647725403,-10.212591715282619,54.0,9.0,Industrial,17,26,1,6,1,Winter,2025-01-26,7.125,0,0
2025-05-22 21:00:00+00:00,101,Amsterdam-Hoogtij,Netherlands,52.42801700027339,4.7734780002434976,4.0,-10.212591715282619,9.5,3.0,Industrial,21,22,5,3,0,Spring,2025-05-22,5.281818181818182,0,0
2025-06-07 06:00:00+00:00,352,Minneapolis - Pacifi,United States,45.008297,-93.277041,-38.99566647725403,-10.212591715282619,25.0,14.6,Residential,6,7,6,5,1,Summer,2025-06-07,16.55,0,0
2025-12-29 20:00:00+00:00,157,Bexley - Slade Green,United Kingdom,51.4659832746662,0.184877126994369,15.0,62.1,14.0,7.0,Residential,20,29,12,0,0,Winter,2025-12-29,7.2749999999999995,0,0
2025-07-07 07:00:00+00:00,68,Cerro Merquín,Chile,-37.021182877699,-73.149555550926,-38.99566647725403,-10.212591715282619,27.0,21.0,Residential,7,7,7,0,0,Summer,2025-07-07,23.125,0,0
2025-05-06 07:00:00+00:00,44,Heerlen-Jamboreepad,Netherlands,50.90031700019946,5.986852999872599,9.73,40.5,14.67,3.7706,Residential,7,6,5,1,0,Spring,2025-05-06,3.8371347826086954,0,0
2025-05-25 19:00:00+00:00,297,Steeper,Canada,53.1325,-117.09111,0.0,0.05,12.516405651987087,2.4,Industrial,19,25,5,6,1,Spring,2025-05-25,2.15,0,0
2025-09-23 14:00:00+00:00,334,Miami Fire Station #,United States,25.7947,-80.2156,-38.99566647725403,-10.212591715282619,40.0,6.8,Mixed,14,23,9,1,0,Fall,2025-09-23,4.920833333333333,0,0
2025-03-19 19:00:00+00:00,288,Hawthorne,United States,40.733501,-111.87169600000001,0.0033,0.04,5.0,5.5,Mixed,19,19,3,2,0,Spring,2025-03-19,5.845833333333332,0,0
2025-12-12 23:00:00+00:00,77,Hoek v. Holland-Berghaven,Netherlands,51.97783000007194,4.121903000365913,22.4,-10.212591715282619,23.4,16.8,Industrial,23,12,12,4,0,Winter,2025-12-12,13.429166666666667,0,0
2025-07-27 09:00:00+00:00,382,Elk Island,Canada,53.6825,-112.8686,-38.99566647725403,0.009,12.516405651987087,12.5,Residential,9,27,7,6,1,Summer,2025-07-27,12.316666666666668,0,0
2025-12-06 05:00:00+00:00,287,St. Lina,Canada,54.216473,-111.50264,0.01,0.022,12.516405651987087,3.0,Residential,5,6,12,5,1,Winter,2025-12-06,1.9041666666666666,0,0
2025-03-06 07:00:00+00:00,288,Hawthorne,United States,40.733501,-111.87169600000001,0.0091,0.025,0.0,6.1,Mixed,7,6,3,3,0,Spring,2025-03-06,2.1041666666666665,0,0
2025-07-08 03:00:00+00:00,342,Lancaster,United States,40.0467,-76.2833,-38.99566647725403,0.035,12.516405651987087,5.1,Mixed,3,8,7,1,0,Summer,2025-07-08,8.170833333333333,0,0
2025-04-25 19:00:00+00:00,187,Houston Bayland Park,United States,29.6958,-95.4992,-38.99566647725403,0.04,12.516405651987087,15.7,Residential,19,25,4,4,0,Spring,2025-04-25,11.141666666666666,0,0
2025-07-09 06:00:00+00:00,350,Daniel South,United States,42.7914,-110.0547,0.001,0.024,7.0,5.694295099659258,Residential,6,9,7,2,0,Summer,2025-07-09,5.694295099659258,0,0
2025-01-27 18:00:00+00:00,270,Los Ángeles Oriente,Chile,-37.463035064801,-72.324575155457,-38.99566647725403,-10.212591715282619,34.0,14.0,Residential,18,27,1,0,0,Winter,2025-01-27,13.208333333333334,0,0
2025-11-20 02:00:00+00:00,314,Indpls - I-70 E,United States,39.787933,-86.13088,0.0119,0.018,12.516405651987087,22.7,Industrial,2,20,11,3,0,Fall,2025-11-20,11.564285714285715,0,0
2025-11-06 19:00:00+00:00,390,RED DEER RIVERSIDE D,Canada,52.2989,-113.7942,-38.99566647725403,0.014,12.516405651987087,9.2,Mixed,19,6,11,3,0,Fall,2025-11-06,7.616666666666667,0,0
2025-05-31 14:00:00+00:00,382,Elk Island,Canada,53.6825,-112.8686,-38.99566647725403,0.024,12.516405651987087,6.3,Residential,14,31,5,5,1,Spring,2025-05-31,5.817391304347827,0,0
2025-04-30 15:00:00+00:00,154,London Marylebone Road,United Kingdom,51.52253,-0.154611,46.6,100.8,12.516405651987087,15.0,Mixed,15,30,4,2,0,Spring,2025-04-30,16.565217391304348,0,0
2025-04-03 11:00:00+00:00,51,Wieringerwerf-Medemblikkerweg,Netherlands,52.803700000000006,5.05051,6.4,71.25,18.51,9.709,Residential,11,3,4,3,0,Spring,2025-04-03,-33.41529166666667,0,0
2025-05-09 06:00:00+00:00,242,Potawatomi,United States,45.5639,-88.81,-38.99566647725403,0.05,12.516405651987087,3.2,Residential,6,9,5,4,0,Spring,2025-05-09,3.6750000000000003,0,0
2025-01-16 10:00:00+00:00,342,Lancaster,United States,40.0467,-76.2833,-38.99566647725403,0.011,12.516405651987087,9.6,Mixed,10,16,1,3,0,Winter,2025-01-16,8.924999999999999,0,0
2025-02-03 22:00:00+00:00,382,Elk Island,Canada,53.6825,-112.8686,-38.99566647725403,0.026,12.516405651987087,5.9,Residential,22,3,2,0,0,Winter,2025-02-03,5.0,0,0
2025-11-01 03:00:00+00:00,155,Kensington and Chelsea - North Ken,United Kingdom,51.5210467476039,-0.213492139585065,0.0,73.64133,12.516405651987087,3.1,Residential,3,1,11,5,1,Fall,2025-11-01,5.070833333333334,0,0
2025-04-30 08:00:00+00:00,212,ROLAND,United States,35.408138,-94.524414,0.0022,-10.212591715282619,12.516405651987087,0.0,Mixed,8,30,4,2,0,Spring,2025-04-30,0.043478260869565216,0,0
2025-10-24 18:00:00+00:00,240,Waterbury,United States,41.5503,-73.0442,-38.99566647725403,-10.212591715282619,4.0,1.8,Residential,18,24,10,4,0,Fall,2025-10-24,4.004166666666666,0,0
2025-10-29 04:00:00+00:00,305,Smithfield,United States,41.842778,-111.85193999999998,0.0055,0.022,12.516405651987087,4.7,Mixed,4,29,10,2,0,Fall,2025-10-29,4.9375,0,0
2025-09-13 17:00:00+00:00,360,Patricia McInnes,Canada,56.7522,-111.4761,-38.99566647725403,0.03,12.516405651987087,22.8,Industrial,17,13,9,5,1,Fall,2025-09-13,23.22083333333333,0,0
2025-11-06 01:00:00+00:00,297,Steeper,Canada,53.1325,-117.09111,0.004,0.017,12.516405651987087,1.4,Industrial,1,6,11,3,0,Fall,2025-11-06,0.6416666666666667,0,0
2025-05-05 18:00:00+00:00,239,Alamo Lake,United States,34.243889,-113.558611,-38.99566647725403,0.054,9.0,4.5,Residential,18,5,5,0,0,Spring,2025-05-05,6.3999999999999995,0,0
2025-07-23 14:00:00+00:00,68,Cerro Merquín,Chile,-37.021182877699,-73.149555550926,-38.99566647725403,-10.212591715282619,51.0,36.0,Residential,14,23,7,2,0,Summer,2025-07-23,33.625,0,0
2025-08-22 04:00:00+00:00,384,CCNY,United States,40.8197,-73.9481,-38.99566647725403,0.031,12.516405651987087,4.0,Mixed,4,22,8,4,0,Summer,2025-08-22,4.545833333333333,0,0
2025-05-11 21:00:00+00:00,146,Southwark - A2 Old Kent Road,United Kingdom,51.4804994936467,-0.0595528932573422,54.0,-10.212591715282619,27.0,5.1,Mixed,21,11,5,6,1,Spring,2025-05-11,5.1,0,0
2025-04-04 04:00:00+00:00,51,Wieringerwerf-Medemblikkerweg,Netherlands,52.803700000000006,5.05051,7.98,32.0,19.79,14.325,Residential,4,4,4,4,0,Spring,2025-04-04,10.446666666666667,0,0
2025-06-25 11:00:00+00:00,360,Patricia McInnes,Canada,56.7522,-111.4761,-38.99566647725403,0.033,12.516405651987087,10.8,Industrial,11,25,6,2,0,Summer,2025-06-25,9.920833333333333,0,0
2025-12-03 21:00:00+00:00,157,Bexley - Slade Green,United Kingdom,51.4659832746662,0.184877126994369,31.0,47.8,6.0,3.0,Residential,21,3,12,2,0,Winter,2025-12-03,3.7083333333333335,0,0
2025-10-19 17:00:00+00:00,293,Garden,United States,61.205861,-149.8246,-38.99566647725403,-10.212591715282619,22.0,9.0,Residential,17,19,10,6,1,Fall,2025-10-19,11.333333333333334,0,0
2025-10-31 07:00:00+00:00,352,Minneapolis - Pacifi,United States,45.008297,-93.277041,-38.99566647725403,-10.212591715282619,15.0,8.0,Residential,7,31,10,4,0,Fall,2025-10-31,7.773913043478261,0,0
2025-07-15 05:00:00+00:00,97,IJmuiden-Kanaaldijk,Netherlands,52.463040000051045,4.60177600031704,11.3,-10.212591715282619,20.0,9.0,Industrial,5,15,7,1,0,Summer,2025-07-15,6.539130434782609,0,0
2025-05-14 07:00:00+00:00,287,St. Lina,Canada,54.216473,-111.50264,0.001,0.05,12.516405651987087,6.4,Residential,7,14,5,2,0,Spring,2025-05-14,5.208333333333333,0,0
2025-04-11 10:00:00+00:00,314,Indpls - I-70 E,United States,39.787933,-86.13088,0.0201,0.024,12.516405651987087,12.8,Industrial,10,11,4,4,0,Spring,2025-04-11,11.808333333333335,0,0
2025-08-26 22:00:00+00:00,159,London Westminster,United Kingdom,51.49467,-0.131931,6.5025,-10.212591715282619,12.516405651987087,2.0,Mixed,22,26,8,1,0,Summer,2025-08-26,2.0,0,0
2025-11-01 21:00:00+00:00,298,Bruderheim,Canada,53.800117,-112.927795,0.006,0.02,12.516405651987087,2.7,Industrial,21,1,11,5,1,Fall,2025-11-01,3.590909090909091,0,0
2025-12-15 14:00:00+00:00,68,Cerro Merquín,Chile,-37.021182877699,-73.149555550926,-38.99566647725403,-10.212591715282619,35.0,14.0,Residential,14,15,12,0,0,Winter,2025-12-15,14.083333333333334,0,0
2025-09-11 14:00:00+00:00,191,Seabrook Friendship,United States,29.5831,-95.0156,-38.99566647725403,0.024,12.516405651987087,6.6,Residential,14,11,9,3,0,Fall,2025-09-11,5.425,0,0
2025-01-28 20:00:00+00:00,222,Terre Haute-Lafayett,United States,39.485987,-87.401312,-38.99566647725403,0.034,12.516405651987087,4.6,Residential,20,28,1,1,0,Winter,2025-01-28,5.2875000000000005,0,0
2025-12-30 04:00:00+00:00,186,Houston Aldine C8,United States,29.9011,-95.3261,-38.99566647725403,0.025,12.516405651987087,3.0,Industrial,4,30,12,1,0,Winter,2025-12-30,2.0625,0,0
2025-04-26 17:00:00+00:00,55,Utrecht-Kardinaal de Jongweg,Netherlands,52.105,5.12446,-998.0,-995.0,18.51,3.014,Residential,17,26,4,5,1,Spring,2025-04-26,8.879958333333333,0,0
2025-05-10 10:00:00+00:00,157,Bexley - Slade Green,United Kingdom,51.4659832746662,0.184877126994369,31.0,1.9,18.0,9.0,Residential,10,10,5,5,1,Spring,2025-05-10,9.070833333333333,0,0
2025-06-28 23:00:00+00:00,102,Amsterdam-Einsteinweg,Netherlands,52.381331000231505,4.845232999687698,19.9,-10.212591715282619,5.1,3.1,Industrial,23,28,6,5,1,Summer,2025-06-28,3.85,0,0
2025-12-06 21:00:00+00:00,27,Concón,Chile,-32.924568,-71.515399,-38.99566647725403,-10.212591715282619,37.0,23.0,Industrial,21,6,12,5,1,Winter,2025-12-06,23.75,0,0
2025-08-03 00:00:00+00:00,388,Lota rural,Chile,-37.100696257418,-73.155760394707,-38.99566647725403,-10.212591715282619,13.0,13.0,Residential,0,3,8,6,1,Summer,2025-08-03,13.958333333333334,0,0
2025-07-01 17:00:00+00:00,69,Kingston College,Chile,-36.784653741124,-73.052063025795,-38.99566647725403,-10.212591715282619,49.0,39.0,Residential,17,1,7,1,0,Summer,2025-07-01,38.0,1,0
2025-04-12 01:00:00+00:00,227,Kokomo - E. Vaile Av,United States,40.481347,-86.109688,-38.99566647725403,0.04,12.516405651987087,8.1,Residential,1,12,4,5,1,Spring,2025-04-12,8.1625,0,0
2025-03-26 04:00:00+00:00,365,Hamshire C64,United States,29.863952,-94.3178,-38.99566647725403,0.018,12.516405651987087,4.9,Industrial,4,26,3,2,0,Spring,2025-03-26,10.891666666666666,0,0
2025-12-28 00:00:00+00:00,73,Coyhaique II,Chile,-45.579045667164,-72.049964505825,-38.99566647725403,-10.212591715282619,21.0,13.0,Residential,0,28,12,6,1,Winter,2025-12-28,12.916666666666666,0,0
2025-03-12 05:00:00+00:00,69,Kingston College,Chile,-36.784653741124,-73.052063025795,-38.99566647725403,-10.212591715282619,47.0,19.0,Residential,5,12,3,2,0,Spring,2025-03-12,20.041666666666668,0,0
2025-09-30 07:00:00+00:00,388,Lota rural,Chile,-37.100696257418,-73.155760394707,-38.99566647725403,-10.212591715282619,13.0,13.0,Residential,7,30,9,1,0,Fall,2025-09-30,12.434782608695652,0,0
2025-01-11 19:00:00+00:00,45,Puente Alto,Chile,-33.591390623022,-70.594788,-38.99566647725403,-10.212591715282619,66.0,23.0,Mixed,19,11,1,5,1,Winter,2025-01-11,22.416666666666668,0,0
2025-07-28 18:00:00+00:00,364,Colegio Pedro Vergara Keller,Chile,-22.44283906304,-68.932546346863,-38.99566647725403,-10.212591715282619,41.0,17.0,Residential,18,28,7,0,0,Summer,2025-07-28,17.166666666666668,0,0
2025-06-08 05:00:00+00:00,191,Seabrook Friendship,United States,29.5831,-95.0156,-38.99566647725403,0.015,12.516405651987087,16.7,Residential,5,8,6,6,1,Summer,2025-06-08,12.237499999999999,0,0
2025-02-11 19:00:00+00:00,54,Talagante,Chile,-33.673752071375,-70.953064737434,-38.99566647725403,-10.212591715282619,51.0,25.0,Residential,19,11,2,1,0,Winter,2025-02-11,22.333333333333332,0,0
2025-01-30 06:00:00+00:00,326,Jackson NCORE,United States,32.329042,-90.182659,-38.99566647725403,0.019,14.0,8.6,Mixed,6,30,1,3,0,Winter,2025-01-30,7.1625000000000005,0,0
2025-03-18 02:00:00+00:00,149,Ealing Horn Lane,United Kingdom,51.51895,-0.265617,26.6,-10.212591715282619,19.1,5.694295099659258,Residential,2,18,3,1,0,Spring,2025-03-18,5.694295099659258,0,0
2025-02-03 10:00:00+00:00,388,Lota rural,Chile,-37.100696257418,-73.155760394707,-38.99566647725403,-10.212591715282619,13.0,12.0,Residential,10,3,2,0,0,Winter,2025-02-03,12.0,0,0
2025-08-30 06:00:00+00:00,148,Camden - Bloomsbury,United Kingdom,51.52228699999999,-0.125848,7.0,27.0,12.516405651987087,5.694295099659258,Residential,6,30,8,5,1,Summer,2025-08-30,5.694295099659258,0,0
2025-01-28 01:00:00+00:00,321,Temple Georgia C1045,United States,31.122527,-97.431158,-38.99566647725403,0.024,12.516405651987087,4.0,Mixed,1,28,1,1,0,Winter,2025-01-28,4.0,0,0
2025-08-26 20:00:00+00:00,55,Utrecht-Kardinaal de Jongweg,Netherlands,52.105,5.12446,23.45,-995.0,17.23,5.993,Residential,20,26,8,1,0,Summer,2025-08-26,5.477969166666667,0,0
2025-06-28 21:00:00+00:00,358,Albemarle HS,United States,38.07657,-78.50397,-38.99566647725403,0.041,12.516405651987087,4.9,Residential,21,28,6,5,1,Summer,2025-06-28,4.4624999999999995,0,0
2025-01-04 04:00:00+00:00,223,Gary-IITRI,United States,41.606563,-87.305015,0.0252,0.006,33.0,10.1,Industrial,4,4,1,5,1,Winter,2025-01-04,14.125,0,0
2025-08-15 17:00:00+00:00,68,Cerro Merquín,Chile,-37.021182877699,-73.149555550926,-38.99566647725403,-10.212591715282619,41.0,24.0,Residential,17,15,8,4,0,Summer,2025-08-15,30.125,0,0
2025-07-21 16:00:00+00:00,101,Amsterdam-Hoogtij,Netherlands,52.42801700027339,4.7734780002434976,9.7,-10.212591715282619,8.5,1.6,Industrial,16,21,7,0,0,Summer,2025-07-21,2.821739130434783,0,0
2025-05-20 14:00:00+00:00,155,Kensington and Chelsea - North Ken,United Kingdom,51.5210467476039,-0.213492139585065,6.0,84.0,12.516405651987087,6.0,Residential,14,20,5,1,0,Spring,2025-05-20,6.5,0,0
2025-03-06 11:00:00+00:00,298,Bruderheim,Canada,53.800117,-112.927795,0.006,0.027,12.516405651987087,7.4,Industrial,11,6,3,3,0,Spring,2025-03-06,4.454166666666667,0,0
2025-09-04 13:00:00+00:00,350,Daniel South,United States,42.7914,-110.0547,0.001,0.029,19.0,5.694295099659258,Residential,13,4,9,3,0,Fall,2025-09-04,5.694295099659258,0,0
2025-10-19 22:00:00+00:00,210,Liceo Polivalente,Chile,-36.601713211434,-72.958522830688,-38.99566647725403,-10.212591715282619,29.0,14.0,Residential,22,19,10,6,1,Fall,2025-10-19,16.333333333333332,0,0
2025-02-10 21:00:00+00:00,384,CCNY,United States,40.8197,-73.9481,-38.99566647725403,0.039,12.516405651987087,3.8,Mixed,21,10,2,0,0,Winter,2025-02-10,5.729166666666667,0,0
2025-10-11 15:00:00+00:00,344,Sunrise Acres,United States,36.163962,-115.11393,0.0039,-10.212591715282619,9.0,2.6,Residential,15,11,10,5,1,Fall,2025-10-11,4.045833333333333,0,0
2025-09-10 04:00:00+00:00,97,IJmuiden-Kanaaldijk,Netherlands,52.463040000051045,4.60177600031704,8.8,-10.212591715282619,6.7,3.8,Industrial,4,10,9,2,0,Fall,2025-09-10,1.6238095238095238,0,0
2025-05-28 08:00:00+00:00,71,Biest Houtakker-Biestsestraat,Netherlands,51.51838800001479,5.148450000227909,9.82,41.08,4.43,4.352,Residential,8,28,5,2,0,Spring,2025-05-28,-36.82031833333333,0,0
2025-05-24 01:00:00+00:00,321,Temple Georgia C1045,United States,31.122527,-97.431158,-38.99566647725403,0.039,12.516405651987087,5.0,Mixed,1,24,5,5,1,Spring,2025-05-24,12.5,0,0
2025-09-21 16:00:00+00:00,186,Houston Aldine C8,United States,29.9011,-95.3261,-38.99566647725403,0.045,12.516405651987087,5.0,Industrial,16,21,9,6,1,Fall,2025-09-21,5.666666666666667,0,0
2025-02-22 03:00:00+00:00,227,Kokomo - E. Vaile Av,United States,40.481347,-86.109688,-38.99566647725403,0.03,12.516405651987087,9.2,Residential,3,22,2,5,1,Winter,2025-02-22,10.429166666666667,0,0
2025-10-24 00:00:00+00:00,342,Lancaster,United States,40.0467,-76.2833,-38.99566647725403,0.014,12.516405651987087,3.0,Mixed,0,24,10,4,0,Fall,2025-10-24,4.445833333333334,0,0
2025-03-29 17:00:00+00:00,218,Ogden Dunes,United States,41.617814,-87.199533,-38.99566647725403,0.035,12.516405651987087,15.6,Industrial,17,29,3,5,1,Spring,2025-03-29,7.133333333333333,0,0
2025-05-01 01:00:00+00:00,297,Steeper,Canada,53.1325,-117.09111,0.0,0.055,12.516405651987087,1.6,Industrial,1,1,5,3,0,Spring,2025-05-01,1.3541666666666667,0,0
2025-10-21 20:00:00+00:00,221,Indpls-Washington Pa,United States,39.810833,-86.114444,0.0022,0.031,15.0,2.7,Residential,20,21,10,1,0,Fall,2025-10-21,3.5,0,0
2025-03-17 11:00:00+00:00,222,Terre Haute-Lafayett,United States,39.485987,-87.401312,-38.99566647725403,0.0,12.516405651987087,8.2,Residential,11,17,3,0,0,Spring,2025-03-17,5.670833333333333,0,0
2025-11-23 20:00:00+00:00,326,Jackson NCORE,United States,32.329042,-90.182659,-38.99566647725403,0.025,14.0,10.2,Mixed,20,23,11,6,1,Fall,2025-11-23,10.120833333333334,0,0
2025-11-14 03:00:00+00:00,85,Hellendoorn-Luttenbergerweg,Netherlands,52.3883,6.40293,10.1,22.19,9.55,5.694295099659258,Residential,3,14,11,4,0,Fall,2025-11-14,5.694295099659258,0,0
2025-08-29 19:00:00+00:00,360,Patricia McInnes,Canada,56.7522,-111.4761,-38.99566647725403,0.082,12.516405651987087,160.1,Industrial,19,29,8,4,0,Summer,2025-08-29,65.59166666666667,1,0
2025-01-14 06:00:00+00:00,240,Waterbury,United States,41.5503,-73.0442,-38.99566647725403,-10.212591715282619,27.0,18.7,Residential,6,14,1,1,0,Winter,2025-01-14,8.554166666666667,0,0
2025-04-05 13:00:00+00:00,222,Terre Haute-Lafayett,United States,39.485987,-87.401312,-38.99566647725403,0.025,12.516405651987087,-2.2,Residential,13,5,4,5,1,Spring,2025-04-05,3.275,0,0
2025-10-16 10:00:00+00:00,65,Punteras,Chile,-36.923329602986,-73.036132300941,-38.99566647725403,-10.212591715282619,21.0,18.0,Residential,10,16,10,3,0,Fall,2025-10-16,18.125,0,0
2025-11-30 12:00:00+00:00,221,Indpls-Washington Pa,United States,39.810833,-86.114444,0.0027,0.023,8.0,7.6,Residential,12,30,11,6,1,Fall,2025-11-30,4.995652173913044,0,0
2025-09-05 19:00:00+00:00,187,Houston Bayland Park,United States,29.6958,-95.4992,-38.99566647725403,0.048,12.516405651987087,5.7,Residential,19,5,9,4,0,Fall,2025-09-05,6.141666666666667,0,0
2025-10-20 19:00:00+00:00,216,South Bend-Shields D,United States,41.696667,-86.214722,-0.0009,0.036,12.516405651987087,2.3,Residential,19,20,10,0,0,Fall,2025-10-20,3.970833333333333,0,0
2025-08-21 15:00:00+00:00,314,Indpls - I-70 E,United States,39.787933,-86.13088,0.0147,0.012,12.516405651987087,7.6,Industrial,15,21,8,3,0,Summer,2025-08-21,4.983333333333333,0,0
2025-01-25 22:00:00+00:00,55,Utrecht-Kardinaal de Jongweg,Netherlands,52.105,5.12446,-995.0,-995.0,30.03,19.0292,Residential,22,25,1,5,1,Winter,2025-01-25,8.221800833333333,0,0
2025-08-24 15:00:00+00:00,274,Reading Airport,United States,40.3833,-75.9686,-38.99566647725403,0.028,12.516405651987087,5.5,Mixed,15,24,8,6,1,Summer,2025-08-24,5.004166666666666,0,0
2025-02-12 14:00:00+00:00,260,St. Joseph,United States,39.741667,-94.858333,-38.99566647725403,-10.212591715282619,10.0,10.5,Mixed,14,12,2,2,0,Winter,2025-02-12,7.0375000000000005,0,0
2025-04-21 13:00:00+00:00,326,Jackson NCORE,United States,32.329042,-90.182659,-38.99566647725403,0.031,31.0,13.8,Mixed,13,21,4,0,0,Spring,2025-04-21,11.737499999999999,0,0
2025-11-29 18:00:00+00:00,298,Bruderheim,Canada,53.800117,-112.927795,0.004,0.018,12.516405651987087,10.0,Industrial,18,29,11,5,1,Fall,2025-11-29,6.908333333333334,0,0
2025-02-28 17:00:00+00:00,384,CCNY,United States,40.8197,-73.9481,-38.99566647725403,0.039,12.516405651987087,2.8,Mixed,17,28,2,4,0,Winter,2025-02-28,4.760869565217392,0,0
2025-10-19 01:00:00+00:00,102,Amsterdam-Einsteinweg,Netherlands,52.381331000231505,4.845232999687698,19.7,-10.212591715282619,9.2,11.7,Industrial,1,19,10,6,1,Fall,2025-10-19,10.159090909090908,0,0
2025-03-12 18:00:00+00:00,216,South Bend-Shields D,United States,41.696667,-86.214722,0.0022,0.041,12.516405651987087,5.1,Residential,18,12,3,2,0,Spring,2025-03-12,3.9958333333333336,0,0
2025-12-30 14:00:00+00:00,362,Chicopee,United States,42.194401,-72.555603,0.0,0.033,12.516405651987087,1.2,Mixed,14,30,12,1,0,Winter,2025-12-30,1.4583333333333333,0,0
2025-01-09 02:00:00+00:00,187,Houston Bayland Park,United States,29.6958,-95.4992,-38.99566647725403,0.019,12.516405651987087,12.8,Residential,2,9,1,3,0,Winter,2025-01-09,12.362499999999999,0,0
2025-12-01 12:00:00+00:00,345,Cataño 40,Puerto Rico,18.428388,-66.141657,-38.99566647725403,-10.212591715282619,280.0,6.0,Industrial,12,1,12,0,0,Winter,2025-12-01,5.545454545454546,0,0
2025-12-29 06:00:00+00:00,54,Talagante,Chile,-33.673752071375,-70.953064737434,-38.99566647725403,-10.212591715282619,40.0,19.0,Residential,6,29,12,0,0,Winter,2025-12-29,20.166666666666668,0,0
2025-02-08 17:00:00+00:00,345,Cataño 40,Puerto Rico,18.428388,-66.141657,-38.99566647725403,-10.212591715282619,222.0,6.0,Industrial,17,8,2,5,1,Winter,2025-02-08,5.375,0,0
2025-11-30 18:00:00+00:00,365,Hamshire C64,United States,29.863952,-94.3178,-38.99566647725403,0.014,12.516405651987087,7.0,Industrial,18,30,11,6,1,Fall,2025-11-30,3.21304347826087,0,0
2025-03-07 08:00:00+00:00,216,South Bend-Shields D,United States,41.696667,-86.214722,0.008,0.021,12.516405651987087,5.0,Residential,8,7,3,4,0,Spring,2025-03-07,5.433333333333334,0,0
2025-06-13 02:00:00+00:00,186,Houston Aldine C8,United States,29.9011,-95.3261,-38.99566647725403,0.036,12.516405651987087,4.0,Industrial,2,13,6,4,0,Summer,2025-06-13,11.458333333333334,0,0
2025-12-26 09:00:00+00:00,33,Zaanstad-Hemkade,Netherlands,52.420230000140556,4.832060000156797,7.5,-10.212591715282619,15.8,5.694295099659258,Industrial,9,26,12,4,0,Winter,2025-12-26,5.694295099659258,0,0
2025-04-21 03:00:00+00:00,159,London Westminster,United Kingdom,51.49467,-0.131931,14.0,-10.212591715282619,12.516405651987087,7.0,Mixed,3,21,4,0,0,Spring,2025-04-21,10.166666666666666,0,0
2025-12-31 09:00:00+00:00,102,Amsterdam-Einsteinweg,Netherlands,52.381331000231505,4.845232999687698,33.1,-10.212591715282619,15.5,6.2,Industrial,9,31,12,2,0,Winter,2025-12-31,12.98695652173913,0,0
2025-01-07 15:00:00+00:00,359,Estaci�n Bomberos,Mexico,20.67495,-101.35595,-38.99566647725403,0.005,78.0,26.0,Mixed,15,7,1,1,0,Winter,2025-01-07,29.891666666666666,0,0
2025-08-25 11:00:00+00:00,365,Hamshire C64,United States,29.863952,-94.3178,-38.99566647725403,0.049,12.516405651987087,8.4,Industrial,11,25,8,0,0,Summer,2025-08-25,11.483333333333334,0,0
2025-05-20 11:00:00+00:00,153,London Hillingdon,United Kingdom,51.49633,-0.460861,4.0,55.0,12.516405651987087,5.694295099659258,Residential,11,20,5,1,0,Spring,2025-05-20,5.694295099659258,0,0
2025-04-05 03:00:00+00:00,305,Smithfield,United States,41.842778,-111.85193999999998,0.002,0.035,12.516405651987087,2.8,Mixed,3,5,4,5,1,Spring,2025-04-05,2.745833333333333,0,0
2025-04-02 09:00:00+00:00,98,Amsterdam-Westerpark,Netherlands,52.39397200025616,4.870156999790721,-38.99566647725403,-10.212591715282619,11.5,5.0,Residential,9,2,4,2,0,Spring,2025-04-02,9.241666666666667,0,0
2025-05-25 01:00:00+00:00,326,Jackson NCORE,United States,32.329042,-90.182659,-38.99566647725403,0.026,19.0,6.6,Mixed,1,25,5,6,1,Spring,2025-05-25,7.2749999999999995,0,0
2025-02-15 01:00:00+00:00,270,Los Ángeles Oriente,Chile,-37.463035064801,-72.324575155457,-38.99566647725403,-10.212591715282619,35.0,17.0,Residential,1,15,2,5,1,Winter,2025-02-15,16.583333333333332,0,0
2025-11-22 10:00:00+00:00,141,London Harlington - UKA00472,United Kingdom,51.48878999962389,-0.44161399993549455,25.0,32.0,12.516405651987087,5.694295099659258,Residential,10,22,11,5,1,Fall,2025-11-22,5.694295099659258,0,0
2025-04-01 21:00:00+00:00,239,Alamo Lake,United States,34.243889,-113.558611,-38.99566647725403,0.055,17.0,3.0,Residential,21,1,4,1,0,Spring,2025-04-01,4.0625,0,0
2025-08-29 05:00:00+00:00,159,London Westminster,United Kingdom,51.49467,-0.131931,10.0,-10.212591715282619,12.516405651987087,2.0,Mixed,5,29,8,4,0,Summer,2025-08-29,2.0,0,0
2025-06-10 09:00:00+00:00,85,Hellendoorn-Luttenbergerweg,Netherlands,52.3883,6.40293,6.63,61.2,10.83,5.694295099659258,Residential,9,10,6,1,0,Summer,2025-06-10,5.694295099659258,0,0
2025-02-28 03:00:00+00:00,82,Haarlem-Schipholweg,Netherlands,52.3705,4.64232,-995.0,72.04,-0.69,5.694295099659258,Industrial,3,28,2,4,0,Winter,2025-02-28,5.694295099659258,0,0
2025-06-12 11:00:00+00:00,33,Zaanstad-Hemkade,Netherlands,52.420230000140556,4.832060000156797,8.2,-10.212591715282619,16.5,5.694295099659258,Industrial,11,12,6,3,0,Summer,2025-06-12,5.694295099659258,0,0
2025-02-03 16:00:00+00:00,338,Estaci�n Hospital Ge,Mexico,20.9479,-101.4258,-38.99566647725403,0.029,44.0,18.6,Mixed,16,3,2,0,0,Winter,2025-02-03,19.420833333333334,0,0
2025-05-11 12:00:00+00:00,230,Barstow,United States,34.894054,-117.024756,-38.99566647725403,0.025,15.0,5.694295099659258,Residential,12,11,5,6,1,Spring,2025-05-11,5.694295099659258,0,0
2025-10-01 04:00:00+00:00,80,Amsterdam-Van Diemenstraat,Netherlands,52.389983000188224,4.88781099987638,38.1,5.4,28.6,24.7,Industrial,4,1,10,2,0,Fall,2025-10-01,21.38888888888889,0,0
2025-02-23 10:00:00+00:00,270,Los Ángeles Oriente,Chile,-37.463035064801,-72.324575155457,-38.99566647725403,-10.212591715282619,29.0,13.0,Residential,10,23,2,6,1,Winter,2025-02-23,13.375,0,0
2025-06-07 07:00:00+00:00,85,Hellendoorn-Luttenbergerweg,Netherlands,52.3883,6.40293,6.56,45.96,8.27,5.694295099659258,Residential,7,7,6,5,1,Summer,2025-06-07,5.694295099659258,0,0
2025-12-31 22:00:00+00:00,153,London Hillingdon,United Kingdom,51.49633,-0.460861,33.0,8.0,12.516405651987087,5.694295099659258,Residential,22,31,12,2,0,Winter,2025-12-31,5.694295099659258,0,0
2025-09-12 20:00:00+00:00,298,Bruderheim,Canada,53.800117,-112.927795,0.002,0.059,12.516405651987087,13.1,Industrial,20,12,9,4,0,Fall,2025-09-12,19.95,0,0
2025-07-05 00:00:00+00:00,54,Talagante,Chile,-33.673752071375,-70.953064737434,-38.99566647725403,-10.212591715282619,110.0,65.0,Residential,0,5,7,5,1,Summer,2025-07-05,53.125,1,0
